sample_id	contig_path
11511_8#36	/Users/flg9/Desktop/Developer/grubaugh_lab/snakemake_workflows/GitHub/PGCOE_Bacseq/pipelines/variant_calling/contigs/11511_8#36.contigs_velvet.fa
11657_8#32	/Users/flg9/Desktop/Developer/grubaugh_lab/snakemake_workflows/GitHub/PGCOE_Bacseq/pipelines/variant_calling/contigs/11657_8#32.contigs_velvet.fa
11657_8#61	/Users/flg9/Desktop/Developer/grubaugh_lab/snakemake_workflows/GitHub/PGCOE_Bacseq/pipelines/variant_calling/contigs/11657_8#61.contigs_velvet.fa
11658_8#1	/Users/flg9/Desktop/Developer/grubaugh_lab/snakemake_workflows/GitHub/PGCOE_Bacseq/pipelines/variant_calling/contigs/11658_8#1.contigs_velvet.fa
11679_1#1	/Users/flg9/Desktop/Developer/grubaugh_lab/snakemake_workflows/GitHub/PGCOE_Bacseq/pipelines/variant_calling/contigs/11679_1#1.contigs_velvet.fa
11679_1#39	/Users/flg9/Desktop/Developer/grubaugh_lab/snakemake_workflows/GitHub/PGCOE_Bacseq/pipelines/variant_calling/contigs/11679_1#39.contigs_velvet.fa
11791_1#26	/Users/flg9/Desktop/Developer/grubaugh_lab/snakemake_workflows/GitHub/PGCOE_Bacseq/pipelines/variant_calling/contigs/11791_1#26.contigs_velvet.fa
11791_1#5	/Users/flg9/Desktop/Developer/grubaugh_lab/snakemake_workflows/GitHub/PGCOE_Bacseq/pipelines/variant_calling/contigs/11791_1#5.contigs_velvet.fa
11791_1#50	/Users/flg9/Desktop/Developer/grubaugh_lab/snakemake_workflows/GitHub/PGCOE_Bacseq/pipelines/variant_calling/contigs/11791_1#50.contigs_velvet.fa
11791_1#58	/Users/flg9/Desktop/Developer/grubaugh_lab/snakemake_workflows/GitHub/PGCOE_Bacseq/pipelines/variant_calling/contigs/11791_1#58.contigs_velvet.fa
11822_1#2	/Users/flg9/Desktop/Developer/grubaugh_lab/snakemake_workflows/GitHub/PGCOE_Bacseq/pipelines/variant_calling/contigs/11822_1#2.contigs_velvet.fa
11822_1#95	/Users/flg9/Desktop/Developer/grubaugh_lab/snakemake_workflows/GitHub/PGCOE_Bacseq/pipelines/variant_calling/contigs/11822_1#95.contigs_velvet.fa
12162_1#21	/Users/flg9/Desktop/Developer/grubaugh_lab/snakemake_workflows/GitHub/PGCOE_Bacseq/pipelines/variant_calling/contigs/12162_1#21.contigs_velvet.fa
12162_1#37	/Users/flg9/Desktop/Developer/grubaugh_lab/snakemake_workflows/GitHub/PGCOE_Bacseq/pipelines/variant_calling/contigs/12162_1#37.contigs_velvet.fa
12162_1#57	/Users/flg9/Desktop/Developer/grubaugh_lab/snakemake_workflows/GitHub/PGCOE_Bacseq/pipelines/variant_calling/contigs/12162_1#57.contigs_velvet.fa
12162_1#6	/Users/flg9/Desktop/Developer/grubaugh_lab/snakemake_workflows/GitHub/PGCOE_Bacseq/pipelines/variant_calling/contigs/12162_1#6.contigs_velvet.fa
12162_1#90	/Users/flg9/Desktop/Developer/grubaugh_lab/snakemake_workflows/GitHub/PGCOE_Bacseq/pipelines/variant_calling/contigs/12162_1#90.contigs_velvet.fa
12291_1#5	/Users/flg9/Desktop/Developer/grubaugh_lab/snakemake_workflows/GitHub/PGCOE_Bacseq/pipelines/variant_calling/contigs/12291_1#5.contigs_velvet.fa
12291_4#80	/Users/flg9/Desktop/Developer/grubaugh_lab/snakemake_workflows/GitHub/PGCOE_Bacseq/pipelines/variant_calling/contigs/12291_4#80.contigs_velvet.fa
12291_5#35	/Users/flg9/Desktop/Developer/grubaugh_lab/snakemake_workflows/GitHub/PGCOE_Bacseq/pipelines/variant_calling/contigs/12291_5#35.contigs_velvet.fa
12291_5#55	/Users/flg9/Desktop/Developer/grubaugh_lab/snakemake_workflows/GitHub/PGCOE_Bacseq/pipelines/variant_calling/contigs/12291_5#55.contigs_velvet.fa
12291_5#57	/Users/flg9/Desktop/Developer/grubaugh_lab/snakemake_workflows/GitHub/PGCOE_Bacseq/pipelines/variant_calling/contigs/12291_5#57.contigs_velvet.fa
12291_5#79	/Users/flg9/Desktop/Developer/grubaugh_lab/snakemake_workflows/GitHub/PGCOE_Bacseq/pipelines/variant_calling/contigs/12291_5#79.contigs_velvet.fa
12291_5#88	/Users/flg9/Desktop/Developer/grubaugh_lab/snakemake_workflows/GitHub/PGCOE_Bacseq/pipelines/variant_calling/contigs/12291_5#88.contigs_velvet.fa
12291_6#27	/Users/flg9/Desktop/Developer/grubaugh_lab/snakemake_workflows/GitHub/PGCOE_Bacseq/pipelines/variant_calling/contigs/12291_6#27.contigs_velvet.fa
12291_6#48	/Users/flg9/Desktop/Developer/grubaugh_lab/snakemake_workflows/GitHub/PGCOE_Bacseq/pipelines/variant_calling/contigs/12291_6#48.contigs_velvet.fa
12291_6#61	/Users/flg9/Desktop/Developer/grubaugh_lab/snakemake_workflows/GitHub/PGCOE_Bacseq/pipelines/variant_calling/contigs/12291_6#61.contigs_velvet.fa
12291_6#63	/Users/flg9/Desktop/Developer/grubaugh_lab/snakemake_workflows/GitHub/PGCOE_Bacseq/pipelines/variant_calling/contigs/12291_6#63.contigs_velvet.fa
12291_6#70	/Users/flg9/Desktop/Developer/grubaugh_lab/snakemake_workflows/GitHub/PGCOE_Bacseq/pipelines/variant_calling/contigs/12291_6#70.contigs_velvet.fa
12291_6#84	/Users/flg9/Desktop/Developer/grubaugh_lab/snakemake_workflows/GitHub/PGCOE_Bacseq/pipelines/variant_calling/contigs/12291_6#84.contigs_velvet.fa
12299_1#16	/Users/flg9/Desktop/Developer/grubaugh_lab/snakemake_workflows/GitHub/PGCOE_Bacseq/pipelines/variant_calling/contigs/12299_1#16.contigs_velvet.fa
12299_1#2	/Users/flg9/Desktop/Developer/grubaugh_lab/snakemake_workflows/GitHub/PGCOE_Bacseq/pipelines/variant_calling/contigs/12299_1#2.contigs_velvet.fa
12299_1#72	/Users/flg9/Desktop/Developer/grubaugh_lab/snakemake_workflows/GitHub/PGCOE_Bacseq/pipelines/variant_calling/contigs/12299_1#72.contigs_velvet.fa
12837_1#10	/Users/flg9/Desktop/Developer/grubaugh_lab/snakemake_workflows/GitHub/PGCOE_Bacseq/pipelines/variant_calling/contigs/12837_1#10.contigs_velvet.fa
12837_1#48	/Users/flg9/Desktop/Developer/grubaugh_lab/snakemake_workflows/GitHub/PGCOE_Bacseq/pipelines/variant_calling/contigs/12837_1#48.contigs_velvet.fa
12837_2#27	/Users/flg9/Desktop/Developer/grubaugh_lab/snakemake_workflows/GitHub/PGCOE_Bacseq/pipelines/variant_calling/contigs/12837_2#27.contigs_velvet.fa
12837_2#45	/Users/flg9/Desktop/Developer/grubaugh_lab/snakemake_workflows/GitHub/PGCOE_Bacseq/pipelines/variant_calling/contigs/12837_2#45.contigs_velvet.fa
12837_2#88	/Users/flg9/Desktop/Developer/grubaugh_lab/snakemake_workflows/GitHub/PGCOE_Bacseq/pipelines/variant_calling/contigs/12837_2#88.contigs_velvet.fa
12837_3#1	/Users/flg9/Desktop/Developer/grubaugh_lab/snakemake_workflows/GitHub/PGCOE_Bacseq/pipelines/variant_calling/contigs/12837_3#1.contigs_velvet.fa
12837_3#24	/Users/flg9/Desktop/Developer/grubaugh_lab/snakemake_workflows/GitHub/PGCOE_Bacseq/pipelines/variant_calling/contigs/12837_3#24.contigs_velvet.fa
12837_4#18	/Users/flg9/Desktop/Developer/grubaugh_lab/snakemake_workflows/GitHub/PGCOE_Bacseq/pipelines/variant_calling/contigs/12837_4#18.contigs_velvet.fa
12837_4#21	/Users/flg9/Desktop/Developer/grubaugh_lab/snakemake_workflows/GitHub/PGCOE_Bacseq/pipelines/variant_calling/contigs/12837_4#21.contigs_velvet.fa
12837_4#31	/Users/flg9/Desktop/Developer/grubaugh_lab/snakemake_workflows/GitHub/PGCOE_Bacseq/pipelines/variant_calling/contigs/12837_4#31.contigs_velvet.fa
12837_4#65	/Users/flg9/Desktop/Developer/grubaugh_lab/snakemake_workflows/GitHub/PGCOE_Bacseq/pipelines/variant_calling/contigs/12837_4#65.contigs_velvet.fa
12837_4#79	/Users/flg9/Desktop/Developer/grubaugh_lab/snakemake_workflows/GitHub/PGCOE_Bacseq/pipelines/variant_calling/contigs/12837_4#79.contigs_velvet.fa
12837_5#1	/Users/flg9/Desktop/Developer/grubaugh_lab/snakemake_workflows/GitHub/PGCOE_Bacseq/pipelines/variant_calling/contigs/12837_5#1.contigs_velvet.fa
12837_5#32	/Users/flg9/Desktop/Developer/grubaugh_lab/snakemake_workflows/GitHub/PGCOE_Bacseq/pipelines/variant_calling/contigs/12837_5#32.contigs_velvet.fa
12837_5#59	/Users/flg9/Desktop/Developer/grubaugh_lab/snakemake_workflows/GitHub/PGCOE_Bacseq/pipelines/variant_calling/contigs/12837_5#59.contigs_velvet.fa
13353_7#33	/Users/flg9/Desktop/Developer/grubaugh_lab/snakemake_workflows/GitHub/PGCOE_Bacseq/pipelines/variant_calling/contigs/13353_7#33.contigs_velvet.fa
13353_7#36	/Users/flg9/Desktop/Developer/grubaugh_lab/snakemake_workflows/GitHub/PGCOE_Bacseq/pipelines/variant_calling/contigs/13353_7#36.contigs_velvet.fa
13353_7#46	/Users/flg9/Desktop/Developer/grubaugh_lab/snakemake_workflows/GitHub/PGCOE_Bacseq/pipelines/variant_calling/contigs/13353_7#46.contigs_velvet.fa
13414_1#10	/Users/flg9/Desktop/Developer/grubaugh_lab/snakemake_workflows/GitHub/PGCOE_Bacseq/pipelines/variant_calling/contigs/13414_1#10.contigs_velvet.fa
13414_1#14	/Users/flg9/Desktop/Developer/grubaugh_lab/snakemake_workflows/GitHub/PGCOE_Bacseq/pipelines/variant_calling/contigs/13414_1#14.contigs_velvet.fa
13414_1#19	/Users/flg9/Desktop/Developer/grubaugh_lab/snakemake_workflows/GitHub/PGCOE_Bacseq/pipelines/variant_calling/contigs/13414_1#19.contigs_velvet.fa
13414_1#21	/Users/flg9/Desktop/Developer/grubaugh_lab/snakemake_workflows/GitHub/PGCOE_Bacseq/pipelines/variant_calling/contigs/13414_1#21.contigs_velvet.fa
13414_1#30	/Users/flg9/Desktop/Developer/grubaugh_lab/snakemake_workflows/GitHub/PGCOE_Bacseq/pipelines/variant_calling/contigs/13414_1#30.contigs_velvet.fa
13414_1#63	/Users/flg9/Desktop/Developer/grubaugh_lab/snakemake_workflows/GitHub/PGCOE_Bacseq/pipelines/variant_calling/contigs/13414_1#63.contigs_velvet.fa
13414_2#40	/Users/flg9/Desktop/Developer/grubaugh_lab/snakemake_workflows/GitHub/PGCOE_Bacseq/pipelines/variant_calling/contigs/13414_2#40.contigs_velvet.fa
13414_3#23	/Users/flg9/Desktop/Developer/grubaugh_lab/snakemake_workflows/GitHub/PGCOE_Bacseq/pipelines/variant_calling/contigs/13414_3#23.contigs_velvet.fa
13414_3#45	/Users/flg9/Desktop/Developer/grubaugh_lab/snakemake_workflows/GitHub/PGCOE_Bacseq/pipelines/variant_calling/contigs/13414_3#45.contigs_velvet.fa
13414_3#70	/Users/flg9/Desktop/Developer/grubaugh_lab/snakemake_workflows/GitHub/PGCOE_Bacseq/pipelines/variant_calling/contigs/13414_3#70.contigs_velvet.fa
13414_3#85	/Users/flg9/Desktop/Developer/grubaugh_lab/snakemake_workflows/GitHub/PGCOE_Bacseq/pipelines/variant_calling/contigs/13414_3#85.contigs_velvet.fa
13415_4#42	/Users/flg9/Desktop/Developer/grubaugh_lab/snakemake_workflows/GitHub/PGCOE_Bacseq/pipelines/variant_calling/contigs/13415_4#42.contigs_velvet.fa
13415_4#61	/Users/flg9/Desktop/Developer/grubaugh_lab/snakemake_workflows/GitHub/PGCOE_Bacseq/pipelines/variant_calling/contigs/13415_4#61.contigs_velvet.fa
13415_4#70	/Users/flg9/Desktop/Developer/grubaugh_lab/snakemake_workflows/GitHub/PGCOE_Bacseq/pipelines/variant_calling/contigs/13415_4#70.contigs_velvet.fa
13415_4#94	/Users/flg9/Desktop/Developer/grubaugh_lab/snakemake_workflows/GitHub/PGCOE_Bacseq/pipelines/variant_calling/contigs/13415_4#94.contigs_velvet.fa
13415_8#23	/Users/flg9/Desktop/Developer/grubaugh_lab/snakemake_workflows/GitHub/PGCOE_Bacseq/pipelines/variant_calling/contigs/13415_8#23.contigs_velvet.fa
13710_1#11	/Users/flg9/Desktop/Developer/grubaugh_lab/snakemake_workflows/GitHub/PGCOE_Bacseq/pipelines/variant_calling/contigs/13710_1#11.contigs_velvet.fa
13710_1#14	/Users/flg9/Desktop/Developer/grubaugh_lab/snakemake_workflows/GitHub/PGCOE_Bacseq/pipelines/variant_calling/contigs/13710_1#14.contigs_velvet.fa
13710_1#21	/Users/flg9/Desktop/Developer/grubaugh_lab/snakemake_workflows/GitHub/PGCOE_Bacseq/pipelines/variant_calling/contigs/13710_1#21.contigs_velvet.fa
13710_1#29	/Users/flg9/Desktop/Developer/grubaugh_lab/snakemake_workflows/GitHub/PGCOE_Bacseq/pipelines/variant_calling/contigs/13710_1#29.contigs_velvet.fa
13710_1#61	/Users/flg9/Desktop/Developer/grubaugh_lab/snakemake_workflows/GitHub/PGCOE_Bacseq/pipelines/variant_calling/contigs/13710_1#61.contigs_velvet.fa
13710_1#8	/Users/flg9/Desktop/Developer/grubaugh_lab/snakemake_workflows/GitHub/PGCOE_Bacseq/pipelines/variant_calling/contigs/13710_1#8.contigs_velvet.fa
13710_2#18	/Users/flg9/Desktop/Developer/grubaugh_lab/snakemake_workflows/GitHub/PGCOE_Bacseq/pipelines/variant_calling/contigs/13710_2#18.contigs_velvet.fa
13710_2#28	/Users/flg9/Desktop/Developer/grubaugh_lab/snakemake_workflows/GitHub/PGCOE_Bacseq/pipelines/variant_calling/contigs/13710_2#28.contigs_velvet.fa
13710_2#50	/Users/flg9/Desktop/Developer/grubaugh_lab/snakemake_workflows/GitHub/PGCOE_Bacseq/pipelines/variant_calling/contigs/13710_2#50.contigs_velvet.fa
13710_2#59	/Users/flg9/Desktop/Developer/grubaugh_lab/snakemake_workflows/GitHub/PGCOE_Bacseq/pipelines/variant_calling/contigs/13710_2#59.contigs_velvet.fa
14257_1#75	/Users/flg9/Desktop/Developer/grubaugh_lab/snakemake_workflows/GitHub/PGCOE_Bacseq/pipelines/variant_calling/contigs/14257_1#75.contigs_velvet.fa
14410_7#23	/Users/flg9/Desktop/Developer/grubaugh_lab/snakemake_workflows/GitHub/PGCOE_Bacseq/pipelines/variant_calling/contigs/14410_7#23.contigs_velvet.fa
14410_8#59	/Users/flg9/Desktop/Developer/grubaugh_lab/snakemake_workflows/GitHub/PGCOE_Bacseq/pipelines/variant_calling/contigs/14410_8#59.contigs_velvet.fa
14410_8#88	/Users/flg9/Desktop/Developer/grubaugh_lab/snakemake_workflows/GitHub/PGCOE_Bacseq/pipelines/variant_calling/contigs/14410_8#88.contigs_velvet.fa
14412_2#38	/Users/flg9/Desktop/Developer/grubaugh_lab/snakemake_workflows/GitHub/PGCOE_Bacseq/pipelines/variant_calling/contigs/14412_2#38.contigs_velvet.fa
14412_2#75	/Users/flg9/Desktop/Developer/grubaugh_lab/snakemake_workflows/GitHub/PGCOE_Bacseq/pipelines/variant_calling/contigs/14412_2#75.contigs_velvet.fa
14555_3#27	/Users/flg9/Desktop/Developer/grubaugh_lab/snakemake_workflows/GitHub/PGCOE_Bacseq/pipelines/variant_calling/contigs/14555_3#27.contigs_velvet.fa
14555_3#86	/Users/flg9/Desktop/Developer/grubaugh_lab/snakemake_workflows/GitHub/PGCOE_Bacseq/pipelines/variant_calling/contigs/14555_3#86.contigs_velvet.fa
14555_4#11	/Users/flg9/Desktop/Developer/grubaugh_lab/snakemake_workflows/GitHub/PGCOE_Bacseq/pipelines/variant_calling/contigs/14555_4#11.contigs_velvet.fa
14555_4#33	/Users/flg9/Desktop/Developer/grubaugh_lab/snakemake_workflows/GitHub/PGCOE_Bacseq/pipelines/variant_calling/contigs/14555_4#33.contigs_velvet.fa
14555_4#35	/Users/flg9/Desktop/Developer/grubaugh_lab/snakemake_workflows/GitHub/PGCOE_Bacseq/pipelines/variant_calling/contigs/14555_4#35.contigs_velvet.fa
14555_4#74	/Users/flg9/Desktop/Developer/grubaugh_lab/snakemake_workflows/GitHub/PGCOE_Bacseq/pipelines/variant_calling/contigs/14555_4#74.contigs_velvet.fa
14555_4#83	/Users/flg9/Desktop/Developer/grubaugh_lab/snakemake_workflows/GitHub/PGCOE_Bacseq/pipelines/variant_calling/contigs/14555_4#83.contigs_velvet.fa
14566_4#24	/Users/flg9/Desktop/Developer/grubaugh_lab/snakemake_workflows/GitHub/PGCOE_Bacseq/pipelines/variant_calling/contigs/14566_4#24.contigs_velvet.fa
14566_5#7	/Users/flg9/Desktop/Developer/grubaugh_lab/snakemake_workflows/GitHub/PGCOE_Bacseq/pipelines/variant_calling/contigs/14566_5#7.contigs_velvet.fa
14566_6#83	/Users/flg9/Desktop/Developer/grubaugh_lab/snakemake_workflows/GitHub/PGCOE_Bacseq/pipelines/variant_calling/contigs/14566_6#83.contigs_velvet.fa
14673_1#28	/Users/flg9/Desktop/Developer/grubaugh_lab/snakemake_workflows/GitHub/PGCOE_Bacseq/pipelines/variant_calling/contigs/14673_1#28.contigs_velvet.fa
14673_1#45	/Users/flg9/Desktop/Developer/grubaugh_lab/snakemake_workflows/GitHub/PGCOE_Bacseq/pipelines/variant_calling/contigs/14673_1#45.contigs_velvet.fa
14673_1#56	/Users/flg9/Desktop/Developer/grubaugh_lab/snakemake_workflows/GitHub/PGCOE_Bacseq/pipelines/variant_calling/contigs/14673_1#56.contigs_velvet.fa
14673_1#6	/Users/flg9/Desktop/Developer/grubaugh_lab/snakemake_workflows/GitHub/PGCOE_Bacseq/pipelines/variant_calling/contigs/14673_1#6.contigs_velvet.fa
14673_1#60	/Users/flg9/Desktop/Developer/grubaugh_lab/snakemake_workflows/GitHub/PGCOE_Bacseq/pipelines/variant_calling/contigs/14673_1#60.contigs_velvet.fa
14673_1#8	/Users/flg9/Desktop/Developer/grubaugh_lab/snakemake_workflows/GitHub/PGCOE_Bacseq/pipelines/variant_calling/contigs/14673_1#8.contigs_velvet.fa
14673_2#66	/Users/flg9/Desktop/Developer/grubaugh_lab/snakemake_workflows/GitHub/PGCOE_Bacseq/pipelines/variant_calling/contigs/14673_2#66.contigs_velvet.fa
14673_2#81	/Users/flg9/Desktop/Developer/grubaugh_lab/snakemake_workflows/GitHub/PGCOE_Bacseq/pipelines/variant_calling/contigs/14673_2#81.contigs_velvet.fa
14673_3#23	/Users/flg9/Desktop/Developer/grubaugh_lab/snakemake_workflows/GitHub/PGCOE_Bacseq/pipelines/variant_calling/contigs/14673_3#23.contigs_velvet.fa
14673_3#31	/Users/flg9/Desktop/Developer/grubaugh_lab/snakemake_workflows/GitHub/PGCOE_Bacseq/pipelines/variant_calling/contigs/14673_3#31.contigs_velvet.fa
14673_3#41	/Users/flg9/Desktop/Developer/grubaugh_lab/snakemake_workflows/GitHub/PGCOE_Bacseq/pipelines/variant_calling/contigs/14673_3#41.contigs_velvet.fa
14673_3#44	/Users/flg9/Desktop/Developer/grubaugh_lab/snakemake_workflows/GitHub/PGCOE_Bacseq/pipelines/variant_calling/contigs/14673_3#44.contigs_velvet.fa
14673_3#6	/Users/flg9/Desktop/Developer/grubaugh_lab/snakemake_workflows/GitHub/PGCOE_Bacseq/pipelines/variant_calling/contigs/14673_3#6.contigs_velvet.fa
14673_3#63	/Users/flg9/Desktop/Developer/grubaugh_lab/snakemake_workflows/GitHub/PGCOE_Bacseq/pipelines/variant_calling/contigs/14673_3#63.contigs_velvet.fa
14673_3#93	/Users/flg9/Desktop/Developer/grubaugh_lab/snakemake_workflows/GitHub/PGCOE_Bacseq/pipelines/variant_calling/contigs/14673_3#93.contigs_velvet.fa
14673_3#95	/Users/flg9/Desktop/Developer/grubaugh_lab/snakemake_workflows/GitHub/PGCOE_Bacseq/pipelines/variant_calling/contigs/14673_3#95.contigs_velvet.fa
14673_4#12	/Users/flg9/Desktop/Developer/grubaugh_lab/snakemake_workflows/GitHub/PGCOE_Bacseq/pipelines/variant_calling/contigs/14673_4#12.contigs_velvet.fa
14673_4#17	/Users/flg9/Desktop/Developer/grubaugh_lab/snakemake_workflows/GitHub/PGCOE_Bacseq/pipelines/variant_calling/contigs/14673_4#17.contigs_velvet.fa
14673_4#37	/Users/flg9/Desktop/Developer/grubaugh_lab/snakemake_workflows/GitHub/PGCOE_Bacseq/pipelines/variant_calling/contigs/14673_4#37.contigs_velvet.fa
14673_4#50	/Users/flg9/Desktop/Developer/grubaugh_lab/snakemake_workflows/GitHub/PGCOE_Bacseq/pipelines/variant_calling/contigs/14673_4#50.contigs_velvet.fa
14673_4#52	/Users/flg9/Desktop/Developer/grubaugh_lab/snakemake_workflows/GitHub/PGCOE_Bacseq/pipelines/variant_calling/contigs/14673_4#52.contigs_velvet.fa
14673_4#55	/Users/flg9/Desktop/Developer/grubaugh_lab/snakemake_workflows/GitHub/PGCOE_Bacseq/pipelines/variant_calling/contigs/14673_4#55.contigs_velvet.fa
14673_4#62	/Users/flg9/Desktop/Developer/grubaugh_lab/snakemake_workflows/GitHub/PGCOE_Bacseq/pipelines/variant_calling/contigs/14673_4#62.contigs_velvet.fa
14723_1#28	/Users/flg9/Desktop/Developer/grubaugh_lab/snakemake_workflows/GitHub/PGCOE_Bacseq/pipelines/variant_calling/contigs/14723_1#28.contigs_velvet.fa
14723_1#36	/Users/flg9/Desktop/Developer/grubaugh_lab/snakemake_workflows/GitHub/PGCOE_Bacseq/pipelines/variant_calling/contigs/14723_1#36.contigs_velvet.fa
14723_1#56	/Users/flg9/Desktop/Developer/grubaugh_lab/snakemake_workflows/GitHub/PGCOE_Bacseq/pipelines/variant_calling/contigs/14723_1#56.contigs_velvet.fa
14723_3#32	/Users/flg9/Desktop/Developer/grubaugh_lab/snakemake_workflows/GitHub/PGCOE_Bacseq/pipelines/variant_calling/contigs/14723_3#32.contigs_velvet.fa
14723_3#43	/Users/flg9/Desktop/Developer/grubaugh_lab/snakemake_workflows/GitHub/PGCOE_Bacseq/pipelines/variant_calling/contigs/14723_3#43.contigs_velvet.fa
14723_3#45	/Users/flg9/Desktop/Developer/grubaugh_lab/snakemake_workflows/GitHub/PGCOE_Bacseq/pipelines/variant_calling/contigs/14723_3#45.contigs_velvet.fa
14723_3#65	/Users/flg9/Desktop/Developer/grubaugh_lab/snakemake_workflows/GitHub/PGCOE_Bacseq/pipelines/variant_calling/contigs/14723_3#65.contigs_velvet.fa
14723_4#93	/Users/flg9/Desktop/Developer/grubaugh_lab/snakemake_workflows/GitHub/PGCOE_Bacseq/pipelines/variant_calling/contigs/14723_4#93.contigs_velvet.fa
14723_5#5	/Users/flg9/Desktop/Developer/grubaugh_lab/snakemake_workflows/GitHub/PGCOE_Bacseq/pipelines/variant_calling/contigs/14723_5#5.contigs_velvet.fa
14723_6#64	/Users/flg9/Desktop/Developer/grubaugh_lab/snakemake_workflows/GitHub/PGCOE_Bacseq/pipelines/variant_calling/contigs/14723_6#64.contigs_velvet.fa
14723_6#73	/Users/flg9/Desktop/Developer/grubaugh_lab/snakemake_workflows/GitHub/PGCOE_Bacseq/pipelines/variant_calling/contigs/14723_6#73.contigs_velvet.fa
14723_6#87	/Users/flg9/Desktop/Developer/grubaugh_lab/snakemake_workflows/GitHub/PGCOE_Bacseq/pipelines/variant_calling/contigs/14723_6#87.contigs_velvet.fa
14913_2#1	/Users/flg9/Desktop/Developer/grubaugh_lab/snakemake_workflows/GitHub/PGCOE_Bacseq/pipelines/variant_calling/contigs/14913_2#1.contigs_velvet.fa
14913_3#41	/Users/flg9/Desktop/Developer/grubaugh_lab/snakemake_workflows/GitHub/PGCOE_Bacseq/pipelines/variant_calling/contigs/14913_3#41.contigs_velvet.fa
14913_5#59	/Users/flg9/Desktop/Developer/grubaugh_lab/snakemake_workflows/GitHub/PGCOE_Bacseq/pipelines/variant_calling/contigs/14913_5#59.contigs_velvet.fa
14913_5#95	/Users/flg9/Desktop/Developer/grubaugh_lab/snakemake_workflows/GitHub/PGCOE_Bacseq/pipelines/variant_calling/contigs/14913_5#95.contigs_velvet.fa
14913_6#67	/Users/flg9/Desktop/Developer/grubaugh_lab/snakemake_workflows/GitHub/PGCOE_Bacseq/pipelines/variant_calling/contigs/14913_6#67.contigs_velvet.fa
14913_6#80	/Users/flg9/Desktop/Developer/grubaugh_lab/snakemake_workflows/GitHub/PGCOE_Bacseq/pipelines/variant_calling/contigs/14913_6#80.contigs_velvet.fa
14936_4#16	/Users/flg9/Desktop/Developer/grubaugh_lab/snakemake_workflows/GitHub/PGCOE_Bacseq/pipelines/variant_calling/contigs/14936_4#16.contigs_velvet.fa
14936_4#27	/Users/flg9/Desktop/Developer/grubaugh_lab/snakemake_workflows/GitHub/PGCOE_Bacseq/pipelines/variant_calling/contigs/14936_4#27.contigs_velvet.fa
14936_4#52	/Users/flg9/Desktop/Developer/grubaugh_lab/snakemake_workflows/GitHub/PGCOE_Bacseq/pipelines/variant_calling/contigs/14936_4#52.contigs_velvet.fa
14936_4#69	/Users/flg9/Desktop/Developer/grubaugh_lab/snakemake_workflows/GitHub/PGCOE_Bacseq/pipelines/variant_calling/contigs/14936_4#69.contigs_velvet.fa
14936_4#8	/Users/flg9/Desktop/Developer/grubaugh_lab/snakemake_workflows/GitHub/PGCOE_Bacseq/pipelines/variant_calling/contigs/14936_4#8.contigs_velvet.fa
14936_4#82	/Users/flg9/Desktop/Developer/grubaugh_lab/snakemake_workflows/GitHub/PGCOE_Bacseq/pipelines/variant_calling/contigs/14936_4#82.contigs_velvet.fa
14936_5#68	/Users/flg9/Desktop/Developer/grubaugh_lab/snakemake_workflows/GitHub/PGCOE_Bacseq/pipelines/variant_calling/contigs/14936_5#68.contigs_velvet.fa
15378_3#45	/Users/flg9/Desktop/Developer/grubaugh_lab/snakemake_workflows/GitHub/PGCOE_Bacseq/pipelines/variant_calling/contigs/15378_3#45.contigs_velvet.fa
15378_4#16	/Users/flg9/Desktop/Developer/grubaugh_lab/snakemake_workflows/GitHub/PGCOE_Bacseq/pipelines/variant_calling/contigs/15378_4#16.contigs_velvet.fa
15378_4#78	/Users/flg9/Desktop/Developer/grubaugh_lab/snakemake_workflows/GitHub/PGCOE_Bacseq/pipelines/variant_calling/contigs/15378_4#78.contigs_velvet.fa
15531_7#38	/Users/flg9/Desktop/Developer/grubaugh_lab/snakemake_workflows/GitHub/PGCOE_Bacseq/pipelines/variant_calling/contigs/15531_7#38.contigs_velvet.fa
15608_4#46	/Users/flg9/Desktop/Developer/grubaugh_lab/snakemake_workflows/GitHub/PGCOE_Bacseq/pipelines/variant_calling/contigs/15608_4#46.contigs_velvet.fa
15608_4#51	/Users/flg9/Desktop/Developer/grubaugh_lab/snakemake_workflows/GitHub/PGCOE_Bacseq/pipelines/variant_calling/contigs/15608_4#51.contigs_velvet.fa
15608_4#55	/Users/flg9/Desktop/Developer/grubaugh_lab/snakemake_workflows/GitHub/PGCOE_Bacseq/pipelines/variant_calling/contigs/15608_4#55.contigs_velvet.fa
15608_4#56	/Users/flg9/Desktop/Developer/grubaugh_lab/snakemake_workflows/GitHub/PGCOE_Bacseq/pipelines/variant_calling/contigs/15608_4#56.contigs_velvet.fa
15608_4#61	/Users/flg9/Desktop/Developer/grubaugh_lab/snakemake_workflows/GitHub/PGCOE_Bacseq/pipelines/variant_calling/contigs/15608_4#61.contigs_velvet.fa
15608_4#69	/Users/flg9/Desktop/Developer/grubaugh_lab/snakemake_workflows/GitHub/PGCOE_Bacseq/pipelines/variant_calling/contigs/15608_4#69.contigs_velvet.fa
15608_4#74	/Users/flg9/Desktop/Developer/grubaugh_lab/snakemake_workflows/GitHub/PGCOE_Bacseq/pipelines/variant_calling/contigs/15608_4#74.contigs_velvet.fa
15608_5#40	/Users/flg9/Desktop/Developer/grubaugh_lab/snakemake_workflows/GitHub/PGCOE_Bacseq/pipelines/variant_calling/contigs/15608_5#40.contigs_velvet.fa
15608_5#56	/Users/flg9/Desktop/Developer/grubaugh_lab/snakemake_workflows/GitHub/PGCOE_Bacseq/pipelines/variant_calling/contigs/15608_5#56.contigs_velvet.fa
15608_5#59	/Users/flg9/Desktop/Developer/grubaugh_lab/snakemake_workflows/GitHub/PGCOE_Bacseq/pipelines/variant_calling/contigs/15608_5#59.contigs_velvet.fa
15682_1#32	/Users/flg9/Desktop/Developer/grubaugh_lab/snakemake_workflows/GitHub/PGCOE_Bacseq/pipelines/variant_calling/contigs/15682_1#32.contigs_velvet.fa
15682_1#41	/Users/flg9/Desktop/Developer/grubaugh_lab/snakemake_workflows/GitHub/PGCOE_Bacseq/pipelines/variant_calling/contigs/15682_1#41.contigs_velvet.fa
15682_1#53	/Users/flg9/Desktop/Developer/grubaugh_lab/snakemake_workflows/GitHub/PGCOE_Bacseq/pipelines/variant_calling/contigs/15682_1#53.contigs_velvet.fa
15682_1#54	/Users/flg9/Desktop/Developer/grubaugh_lab/snakemake_workflows/GitHub/PGCOE_Bacseq/pipelines/variant_calling/contigs/15682_1#54.contigs_velvet.fa
15682_1#58	/Users/flg9/Desktop/Developer/grubaugh_lab/snakemake_workflows/GitHub/PGCOE_Bacseq/pipelines/variant_calling/contigs/15682_1#58.contigs_velvet.fa
15682_1#6	/Users/flg9/Desktop/Developer/grubaugh_lab/snakemake_workflows/GitHub/PGCOE_Bacseq/pipelines/variant_calling/contigs/15682_1#6.contigs_velvet.fa
15682_1#64	/Users/flg9/Desktop/Developer/grubaugh_lab/snakemake_workflows/GitHub/PGCOE_Bacseq/pipelines/variant_calling/contigs/15682_1#64.contigs_velvet.fa
15682_1#76	/Users/flg9/Desktop/Developer/grubaugh_lab/snakemake_workflows/GitHub/PGCOE_Bacseq/pipelines/variant_calling/contigs/15682_1#76.contigs_velvet.fa
15682_1#83	/Users/flg9/Desktop/Developer/grubaugh_lab/snakemake_workflows/GitHub/PGCOE_Bacseq/pipelines/variant_calling/contigs/15682_1#83.contigs_velvet.fa
15682_1#88	/Users/flg9/Desktop/Developer/grubaugh_lab/snakemake_workflows/GitHub/PGCOE_Bacseq/pipelines/variant_calling/contigs/15682_1#88.contigs_velvet.fa
15682_1#91	/Users/flg9/Desktop/Developer/grubaugh_lab/snakemake_workflows/GitHub/PGCOE_Bacseq/pipelines/variant_calling/contigs/15682_1#91.contigs_velvet.fa
15682_2#14	/Users/flg9/Desktop/Developer/grubaugh_lab/snakemake_workflows/GitHub/PGCOE_Bacseq/pipelines/variant_calling/contigs/15682_2#14.contigs_velvet.fa
15682_2#17	/Users/flg9/Desktop/Developer/grubaugh_lab/snakemake_workflows/GitHub/PGCOE_Bacseq/pipelines/variant_calling/contigs/15682_2#17.contigs_velvet.fa
15682_2#20	/Users/flg9/Desktop/Developer/grubaugh_lab/snakemake_workflows/GitHub/PGCOE_Bacseq/pipelines/variant_calling/contigs/15682_2#20.contigs_velvet.fa
15682_2#33	/Users/flg9/Desktop/Developer/grubaugh_lab/snakemake_workflows/GitHub/PGCOE_Bacseq/pipelines/variant_calling/contigs/15682_2#33.contigs_velvet.fa
15682_2#47	/Users/flg9/Desktop/Developer/grubaugh_lab/snakemake_workflows/GitHub/PGCOE_Bacseq/pipelines/variant_calling/contigs/15682_2#47.contigs_velvet.fa
15682_2#58	/Users/flg9/Desktop/Developer/grubaugh_lab/snakemake_workflows/GitHub/PGCOE_Bacseq/pipelines/variant_calling/contigs/15682_2#58.contigs_velvet.fa
15682_3#60	/Users/flg9/Desktop/Developer/grubaugh_lab/snakemake_workflows/GitHub/PGCOE_Bacseq/pipelines/variant_calling/contigs/15682_3#60.contigs_velvet.fa
15682_4#46	/Users/flg9/Desktop/Developer/grubaugh_lab/snakemake_workflows/GitHub/PGCOE_Bacseq/pipelines/variant_calling/contigs/15682_4#46.contigs_velvet.fa
15682_4#78	/Users/flg9/Desktop/Developer/grubaugh_lab/snakemake_workflows/GitHub/PGCOE_Bacseq/pipelines/variant_calling/contigs/15682_4#78.contigs_velvet.fa
15731_8#21	/Users/flg9/Desktop/Developer/grubaugh_lab/snakemake_workflows/GitHub/PGCOE_Bacseq/pipelines/variant_calling/contigs/15731_8#21.contigs_velvet.fa
15841_1#24	/Users/flg9/Desktop/Developer/grubaugh_lab/snakemake_workflows/GitHub/PGCOE_Bacseq/pipelines/variant_calling/contigs/15841_1#24.contigs_velvet.fa
15841_1#42	/Users/flg9/Desktop/Developer/grubaugh_lab/snakemake_workflows/GitHub/PGCOE_Bacseq/pipelines/variant_calling/contigs/15841_1#42.contigs_velvet.fa
15841_1#52	/Users/flg9/Desktop/Developer/grubaugh_lab/snakemake_workflows/GitHub/PGCOE_Bacseq/pipelines/variant_calling/contigs/15841_1#52.contigs_velvet.fa
15841_1#64	/Users/flg9/Desktop/Developer/grubaugh_lab/snakemake_workflows/GitHub/PGCOE_Bacseq/pipelines/variant_calling/contigs/15841_1#64.contigs_velvet.fa
15841_2#13	/Users/flg9/Desktop/Developer/grubaugh_lab/snakemake_workflows/GitHub/PGCOE_Bacseq/pipelines/variant_calling/contigs/15841_2#13.contigs_velvet.fa
15841_2#18	/Users/flg9/Desktop/Developer/grubaugh_lab/snakemake_workflows/GitHub/PGCOE_Bacseq/pipelines/variant_calling/contigs/15841_2#18.contigs_velvet.fa
15841_2#34	/Users/flg9/Desktop/Developer/grubaugh_lab/snakemake_workflows/GitHub/PGCOE_Bacseq/pipelines/variant_calling/contigs/15841_2#34.contigs_velvet.fa
15841_2#55	/Users/flg9/Desktop/Developer/grubaugh_lab/snakemake_workflows/GitHub/PGCOE_Bacseq/pipelines/variant_calling/contigs/15841_2#55.contigs_velvet.fa
15841_2#65	/Users/flg9/Desktop/Developer/grubaugh_lab/snakemake_workflows/GitHub/PGCOE_Bacseq/pipelines/variant_calling/contigs/15841_2#65.contigs_velvet.fa
15841_2#84	/Users/flg9/Desktop/Developer/grubaugh_lab/snakemake_workflows/GitHub/PGCOE_Bacseq/pipelines/variant_calling/contigs/15841_2#84.contigs_velvet.fa
15841_4#24	/Users/flg9/Desktop/Developer/grubaugh_lab/snakemake_workflows/GitHub/PGCOE_Bacseq/pipelines/variant_calling/contigs/15841_4#24.contigs_velvet.fa
15841_4#38	/Users/flg9/Desktop/Developer/grubaugh_lab/snakemake_workflows/GitHub/PGCOE_Bacseq/pipelines/variant_calling/contigs/15841_4#38.contigs_velvet.fa
15841_4#60	/Users/flg9/Desktop/Developer/grubaugh_lab/snakemake_workflows/GitHub/PGCOE_Bacseq/pipelines/variant_calling/contigs/15841_4#60.contigs_velvet.fa
15841_4#63	/Users/flg9/Desktop/Developer/grubaugh_lab/snakemake_workflows/GitHub/PGCOE_Bacseq/pipelines/variant_calling/contigs/15841_4#63.contigs_velvet.fa
15841_5#22	/Users/flg9/Desktop/Developer/grubaugh_lab/snakemake_workflows/GitHub/PGCOE_Bacseq/pipelines/variant_calling/contigs/15841_5#22.contigs_velvet.fa
15841_5#30	/Users/flg9/Desktop/Developer/grubaugh_lab/snakemake_workflows/GitHub/PGCOE_Bacseq/pipelines/variant_calling/contigs/15841_5#30.contigs_velvet.fa
15841_5#75	/Users/flg9/Desktop/Developer/grubaugh_lab/snakemake_workflows/GitHub/PGCOE_Bacseq/pipelines/variant_calling/contigs/15841_5#75.contigs_velvet.fa
15873_1#90	/Users/flg9/Desktop/Developer/grubaugh_lab/snakemake_workflows/GitHub/PGCOE_Bacseq/pipelines/variant_calling/contigs/15873_1#90.contigs_velvet.fa
15873_3#22	/Users/flg9/Desktop/Developer/grubaugh_lab/snakemake_workflows/GitHub/PGCOE_Bacseq/pipelines/variant_calling/contigs/15873_3#22.contigs_velvet.fa
15874_1#37	/Users/flg9/Desktop/Developer/grubaugh_lab/snakemake_workflows/GitHub/PGCOE_Bacseq/pipelines/variant_calling/contigs/15874_1#37.contigs_velvet.fa
15874_1#5	/Users/flg9/Desktop/Developer/grubaugh_lab/snakemake_workflows/GitHub/PGCOE_Bacseq/pipelines/variant_calling/contigs/15874_1#5.contigs_velvet.fa
15995_1#113	/Users/flg9/Desktop/Developer/grubaugh_lab/snakemake_workflows/GitHub/PGCOE_Bacseq/pipelines/variant_calling/contigs/15995_1#113.contigs_velvet.fa
15995_1#128	/Users/flg9/Desktop/Developer/grubaugh_lab/snakemake_workflows/GitHub/PGCOE_Bacseq/pipelines/variant_calling/contigs/15995_1#128.contigs_velvet.fa
15995_1#30	/Users/flg9/Desktop/Developer/grubaugh_lab/snakemake_workflows/GitHub/PGCOE_Bacseq/pipelines/variant_calling/contigs/15995_1#30.contigs_velvet.fa
15995_1#78	/Users/flg9/Desktop/Developer/grubaugh_lab/snakemake_workflows/GitHub/PGCOE_Bacseq/pipelines/variant_calling/contigs/15995_1#78.contigs_velvet.fa
15995_2#146	/Users/flg9/Desktop/Developer/grubaugh_lab/snakemake_workflows/GitHub/PGCOE_Bacseq/pipelines/variant_calling/contigs/15995_2#146.contigs_velvet.fa
15995_2#15	/Users/flg9/Desktop/Developer/grubaugh_lab/snakemake_workflows/GitHub/PGCOE_Bacseq/pipelines/variant_calling/contigs/15995_2#15.contigs_velvet.fa
15995_2#172	/Users/flg9/Desktop/Developer/grubaugh_lab/snakemake_workflows/GitHub/PGCOE_Bacseq/pipelines/variant_calling/contigs/15995_2#172.contigs_velvet.fa
15995_2#22	/Users/flg9/Desktop/Developer/grubaugh_lab/snakemake_workflows/GitHub/PGCOE_Bacseq/pipelines/variant_calling/contigs/15995_2#22.contigs_velvet.fa
15995_2#32	/Users/flg9/Desktop/Developer/grubaugh_lab/snakemake_workflows/GitHub/PGCOE_Bacseq/pipelines/variant_calling/contigs/15995_2#32.contigs_velvet.fa
15995_2#43	/Users/flg9/Desktop/Developer/grubaugh_lab/snakemake_workflows/GitHub/PGCOE_Bacseq/pipelines/variant_calling/contigs/15995_2#43.contigs_velvet.fa
16043_2#75	/Users/flg9/Desktop/Developer/grubaugh_lab/snakemake_workflows/GitHub/PGCOE_Bacseq/pipelines/variant_calling/contigs/16043_2#75.contigs_velvet.fa
16043_2#91	/Users/flg9/Desktop/Developer/grubaugh_lab/snakemake_workflows/GitHub/PGCOE_Bacseq/pipelines/variant_calling/contigs/16043_2#91.contigs_velvet.fa
16288_3#43	/Users/flg9/Desktop/Developer/grubaugh_lab/snakemake_workflows/GitHub/PGCOE_Bacseq/pipelines/variant_calling/contigs/16288_3#43.contigs_velvet.fa
16288_4#36	/Users/flg9/Desktop/Developer/grubaugh_lab/snakemake_workflows/GitHub/PGCOE_Bacseq/pipelines/variant_calling/contigs/16288_4#36.contigs_velvet.fa
16288_4#41	/Users/flg9/Desktop/Developer/grubaugh_lab/snakemake_workflows/GitHub/PGCOE_Bacseq/pipelines/variant_calling/contigs/16288_4#41.contigs_velvet.fa
16288_6#65	/Users/flg9/Desktop/Developer/grubaugh_lab/snakemake_workflows/GitHub/PGCOE_Bacseq/pipelines/variant_calling/contigs/16288_6#65.contigs_velvet.fa
16288_6#67	/Users/flg9/Desktop/Developer/grubaugh_lab/snakemake_workflows/GitHub/PGCOE_Bacseq/pipelines/variant_calling/contigs/16288_6#67.contigs_velvet.fa
16288_7#56	/Users/flg9/Desktop/Developer/grubaugh_lab/snakemake_workflows/GitHub/PGCOE_Bacseq/pipelines/variant_calling/contigs/16288_7#56.contigs_velvet.fa
16288_8#14	/Users/flg9/Desktop/Developer/grubaugh_lab/snakemake_workflows/GitHub/PGCOE_Bacseq/pipelines/variant_calling/contigs/16288_8#14.contigs_velvet.fa
16288_8#2	/Users/flg9/Desktop/Developer/grubaugh_lab/snakemake_workflows/GitHub/PGCOE_Bacseq/pipelines/variant_calling/contigs/16288_8#2.contigs_velvet.fa
16288_8#34	/Users/flg9/Desktop/Developer/grubaugh_lab/snakemake_workflows/GitHub/PGCOE_Bacseq/pipelines/variant_calling/contigs/16288_8#34.contigs_velvet.fa
16288_8#82	/Users/flg9/Desktop/Developer/grubaugh_lab/snakemake_workflows/GitHub/PGCOE_Bacseq/pipelines/variant_calling/contigs/16288_8#82.contigs_velvet.fa
17059_6#24	/Users/flg9/Desktop/Developer/grubaugh_lab/snakemake_workflows/GitHub/PGCOE_Bacseq/pipelines/variant_calling/contigs/17059_6#24.contigs_velvet.fa
17059_6#58	/Users/flg9/Desktop/Developer/grubaugh_lab/snakemake_workflows/GitHub/PGCOE_Bacseq/pipelines/variant_calling/contigs/17059_6#58.contigs_velvet.fa
17059_7#76	/Users/flg9/Desktop/Developer/grubaugh_lab/snakemake_workflows/GitHub/PGCOE_Bacseq/pipelines/variant_calling/contigs/17059_7#76.contigs_velvet.fa
17059_8#1	/Users/flg9/Desktop/Developer/grubaugh_lab/snakemake_workflows/GitHub/PGCOE_Bacseq/pipelines/variant_calling/contigs/17059_8#1.contigs_velvet.fa
17059_8#14	/Users/flg9/Desktop/Developer/grubaugh_lab/snakemake_workflows/GitHub/PGCOE_Bacseq/pipelines/variant_calling/contigs/17059_8#14.contigs_velvet.fa
17059_8#42	/Users/flg9/Desktop/Developer/grubaugh_lab/snakemake_workflows/GitHub/PGCOE_Bacseq/pipelines/variant_calling/contigs/17059_8#42.contigs_velvet.fa
17059_8#8	/Users/flg9/Desktop/Developer/grubaugh_lab/snakemake_workflows/GitHub/PGCOE_Bacseq/pipelines/variant_calling/contigs/17059_8#8.contigs_velvet.fa
17138_4#93	/Users/flg9/Desktop/Developer/grubaugh_lab/snakemake_workflows/GitHub/PGCOE_Bacseq/pipelines/variant_calling/contigs/17138_4#93.contigs_velvet.fa
17150_5#27	/Users/flg9/Desktop/Developer/grubaugh_lab/snakemake_workflows/GitHub/PGCOE_Bacseq/pipelines/variant_calling/contigs/17150_5#27.contigs_velvet.fa
17150_5#74	/Users/flg9/Desktop/Developer/grubaugh_lab/snakemake_workflows/GitHub/PGCOE_Bacseq/pipelines/variant_calling/contigs/17150_5#74.contigs_velvet.fa
17150_5#84	/Users/flg9/Desktop/Developer/grubaugh_lab/snakemake_workflows/GitHub/PGCOE_Bacseq/pipelines/variant_calling/contigs/17150_5#84.contigs_velvet.fa
17150_6#20	/Users/flg9/Desktop/Developer/grubaugh_lab/snakemake_workflows/GitHub/PGCOE_Bacseq/pipelines/variant_calling/contigs/17150_6#20.contigs_velvet.fa
17150_6#36	/Users/flg9/Desktop/Developer/grubaugh_lab/snakemake_workflows/GitHub/PGCOE_Bacseq/pipelines/variant_calling/contigs/17150_6#36.contigs_velvet.fa
17150_6#90	/Users/flg9/Desktop/Developer/grubaugh_lab/snakemake_workflows/GitHub/PGCOE_Bacseq/pipelines/variant_calling/contigs/17150_6#90.contigs_velvet.fa
17175_4#64	/Users/flg9/Desktop/Developer/grubaugh_lab/snakemake_workflows/GitHub/PGCOE_Bacseq/pipelines/variant_calling/contigs/17175_4#64.contigs_velvet.fa
17175_5#79	/Users/flg9/Desktop/Developer/grubaugh_lab/snakemake_workflows/GitHub/PGCOE_Bacseq/pipelines/variant_calling/contigs/17175_5#79.contigs_velvet.fa
17175_6#33	/Users/flg9/Desktop/Developer/grubaugh_lab/snakemake_workflows/GitHub/PGCOE_Bacseq/pipelines/variant_calling/contigs/17175_6#33.contigs_velvet.fa
17175_6#58	/Users/flg9/Desktop/Developer/grubaugh_lab/snakemake_workflows/GitHub/PGCOE_Bacseq/pipelines/variant_calling/contigs/17175_6#58.contigs_velvet.fa
17175_6#66	/Users/flg9/Desktop/Developer/grubaugh_lab/snakemake_workflows/GitHub/PGCOE_Bacseq/pipelines/variant_calling/contigs/17175_6#66.contigs_velvet.fa
17175_7#55	/Users/flg9/Desktop/Developer/grubaugh_lab/snakemake_workflows/GitHub/PGCOE_Bacseq/pipelines/variant_calling/contigs/17175_7#55.contigs_velvet.fa
17175_7#88	/Users/flg9/Desktop/Developer/grubaugh_lab/snakemake_workflows/GitHub/PGCOE_Bacseq/pipelines/variant_calling/contigs/17175_7#88.contigs_velvet.fa
17175_8#70	/Users/flg9/Desktop/Developer/grubaugh_lab/snakemake_workflows/GitHub/PGCOE_Bacseq/pipelines/variant_calling/contigs/17175_8#70.contigs_velvet.fa
17175_8#91	/Users/flg9/Desktop/Developer/grubaugh_lab/snakemake_workflows/GitHub/PGCOE_Bacseq/pipelines/variant_calling/contigs/17175_8#91.contigs_velvet.fa
17428_8#15	/Users/flg9/Desktop/Developer/grubaugh_lab/snakemake_workflows/GitHub/PGCOE_Bacseq/pipelines/variant_calling/contigs/17428_8#15.contigs_velvet.fa
17428_8#22	/Users/flg9/Desktop/Developer/grubaugh_lab/snakemake_workflows/GitHub/PGCOE_Bacseq/pipelines/variant_calling/contigs/17428_8#22.contigs_velvet.fa
17428_8#31	/Users/flg9/Desktop/Developer/grubaugh_lab/snakemake_workflows/GitHub/PGCOE_Bacseq/pipelines/variant_calling/contigs/17428_8#31.contigs_velvet.fa
17428_8#41	/Users/flg9/Desktop/Developer/grubaugh_lab/snakemake_workflows/GitHub/PGCOE_Bacseq/pipelines/variant_calling/contigs/17428_8#41.contigs_velvet.fa
17428_8#47	/Users/flg9/Desktop/Developer/grubaugh_lab/snakemake_workflows/GitHub/PGCOE_Bacseq/pipelines/variant_calling/contigs/17428_8#47.contigs_velvet.fa
17428_8#70	/Users/flg9/Desktop/Developer/grubaugh_lab/snakemake_workflows/GitHub/PGCOE_Bacseq/pipelines/variant_calling/contigs/17428_8#70.contigs_velvet.fa
17428_8#79	/Users/flg9/Desktop/Developer/grubaugh_lab/snakemake_workflows/GitHub/PGCOE_Bacseq/pipelines/variant_calling/contigs/17428_8#79.contigs_velvet.fa
17794_7#60	/Users/flg9/Desktop/Developer/grubaugh_lab/snakemake_workflows/GitHub/PGCOE_Bacseq/pipelines/variant_calling/contigs/17794_7#60.contigs_velvet.fa
17794_7#61	/Users/flg9/Desktop/Developer/grubaugh_lab/snakemake_workflows/GitHub/PGCOE_Bacseq/pipelines/variant_calling/contigs/17794_7#61.contigs_velvet.fa
17870_8#112	/Users/flg9/Desktop/Developer/grubaugh_lab/snakemake_workflows/GitHub/PGCOE_Bacseq/pipelines/variant_calling/contigs/17870_8#112.contigs_velvet.fa
17966_5#119	/Users/flg9/Desktop/Developer/grubaugh_lab/snakemake_workflows/GitHub/PGCOE_Bacseq/pipelines/variant_calling/contigs/17966_5#119.contigs_velvet.fa
17966_5#121	/Users/flg9/Desktop/Developer/grubaugh_lab/snakemake_workflows/GitHub/PGCOE_Bacseq/pipelines/variant_calling/contigs/17966_5#121.contigs_velvet.fa
17966_5#129	/Users/flg9/Desktop/Developer/grubaugh_lab/snakemake_workflows/GitHub/PGCOE_Bacseq/pipelines/variant_calling/contigs/17966_5#129.contigs_velvet.fa
18090_1#168	/Users/flg9/Desktop/Developer/grubaugh_lab/snakemake_workflows/GitHub/PGCOE_Bacseq/pipelines/variant_calling/contigs/18090_1#168.contigs_velvet.fa
18090_1#63	/Users/flg9/Desktop/Developer/grubaugh_lab/snakemake_workflows/GitHub/PGCOE_Bacseq/pipelines/variant_calling/contigs/18090_1#63.contigs_velvet.fa
18090_2#156	/Users/flg9/Desktop/Developer/grubaugh_lab/snakemake_workflows/GitHub/PGCOE_Bacseq/pipelines/variant_calling/contigs/18090_2#156.contigs_velvet.fa
18090_2#23	/Users/flg9/Desktop/Developer/grubaugh_lab/snakemake_workflows/GitHub/PGCOE_Bacseq/pipelines/variant_calling/contigs/18090_2#23.contigs_velvet.fa
18090_2#24	/Users/flg9/Desktop/Developer/grubaugh_lab/snakemake_workflows/GitHub/PGCOE_Bacseq/pipelines/variant_calling/contigs/18090_2#24.contigs_velvet.fa
18090_2#25	/Users/flg9/Desktop/Developer/grubaugh_lab/snakemake_workflows/GitHub/PGCOE_Bacseq/pipelines/variant_calling/contigs/18090_2#25.contigs_velvet.fa
18090_2#26	/Users/flg9/Desktop/Developer/grubaugh_lab/snakemake_workflows/GitHub/PGCOE_Bacseq/pipelines/variant_calling/contigs/18090_2#26.contigs_velvet.fa
18090_2#27	/Users/flg9/Desktop/Developer/grubaugh_lab/snakemake_workflows/GitHub/PGCOE_Bacseq/pipelines/variant_calling/contigs/18090_2#27.contigs_velvet.fa
18090_2#28	/Users/flg9/Desktop/Developer/grubaugh_lab/snakemake_workflows/GitHub/PGCOE_Bacseq/pipelines/variant_calling/contigs/18090_2#28.contigs_velvet.fa
18090_2#29	/Users/flg9/Desktop/Developer/grubaugh_lab/snakemake_workflows/GitHub/PGCOE_Bacseq/pipelines/variant_calling/contigs/18090_2#29.contigs_velvet.fa
18090_2#30	/Users/flg9/Desktop/Developer/grubaugh_lab/snakemake_workflows/GitHub/PGCOE_Bacseq/pipelines/variant_calling/contigs/18090_2#30.contigs_velvet.fa
18090_2#31	/Users/flg9/Desktop/Developer/grubaugh_lab/snakemake_workflows/GitHub/PGCOE_Bacseq/pipelines/variant_calling/contigs/18090_2#31.contigs_velvet.fa
18090_2#32	/Users/flg9/Desktop/Developer/grubaugh_lab/snakemake_workflows/GitHub/PGCOE_Bacseq/pipelines/variant_calling/contigs/18090_2#32.contigs_velvet.fa
18090_2#33	/Users/flg9/Desktop/Developer/grubaugh_lab/snakemake_workflows/GitHub/PGCOE_Bacseq/pipelines/variant_calling/contigs/18090_2#33.contigs_velvet.fa
18090_2#34	/Users/flg9/Desktop/Developer/grubaugh_lab/snakemake_workflows/GitHub/PGCOE_Bacseq/pipelines/variant_calling/contigs/18090_2#34.contigs_velvet.fa
18090_5#41	/Users/flg9/Desktop/Developer/grubaugh_lab/snakemake_workflows/GitHub/PGCOE_Bacseq/pipelines/variant_calling/contigs/18090_5#41.contigs_velvet.fa
18090_5#43	/Users/flg9/Desktop/Developer/grubaugh_lab/snakemake_workflows/GitHub/PGCOE_Bacseq/pipelines/variant_calling/contigs/18090_5#43.contigs_velvet.fa
18623_5#47	/Users/flg9/Desktop/Developer/grubaugh_lab/snakemake_workflows/GitHub/PGCOE_Bacseq/pipelines/variant_calling/contigs/18623_5#47.contigs_velvet.fa
19084_7#48	/Users/flg9/Desktop/Developer/grubaugh_lab/snakemake_workflows/GitHub/PGCOE_Bacseq/pipelines/variant_calling/contigs/19084_7#48.contigs_velvet.fa
19084_7#57	/Users/flg9/Desktop/Developer/grubaugh_lab/snakemake_workflows/GitHub/PGCOE_Bacseq/pipelines/variant_calling/contigs/19084_7#57.contigs_velvet.fa
19084_7#60	/Users/flg9/Desktop/Developer/grubaugh_lab/snakemake_workflows/GitHub/PGCOE_Bacseq/pipelines/variant_calling/contigs/19084_7#60.contigs_velvet.fa
19084_8#113	/Users/flg9/Desktop/Developer/grubaugh_lab/snakemake_workflows/GitHub/PGCOE_Bacseq/pipelines/variant_calling/contigs/19084_8#113.contigs_velvet.fa
19084_8#140	/Users/flg9/Desktop/Developer/grubaugh_lab/snakemake_workflows/GitHub/PGCOE_Bacseq/pipelines/variant_calling/contigs/19084_8#140.contigs_velvet.fa
19084_8#166	/Users/flg9/Desktop/Developer/grubaugh_lab/snakemake_workflows/GitHub/PGCOE_Bacseq/pipelines/variant_calling/contigs/19084_8#166.contigs_velvet.fa
19084_8#180	/Users/flg9/Desktop/Developer/grubaugh_lab/snakemake_workflows/GitHub/PGCOE_Bacseq/pipelines/variant_calling/contigs/19084_8#180.contigs_velvet.fa
19341_2#105	/Users/flg9/Desktop/Developer/grubaugh_lab/snakemake_workflows/GitHub/PGCOE_Bacseq/pipelines/variant_calling/contigs/19341_2#105.contigs_velvet.fa
19341_2#109	/Users/flg9/Desktop/Developer/grubaugh_lab/snakemake_workflows/GitHub/PGCOE_Bacseq/pipelines/variant_calling/contigs/19341_2#109.contigs_velvet.fa
19341_2#110	/Users/flg9/Desktop/Developer/grubaugh_lab/snakemake_workflows/GitHub/PGCOE_Bacseq/pipelines/variant_calling/contigs/19341_2#110.contigs_velvet.fa
19341_2#116	/Users/flg9/Desktop/Developer/grubaugh_lab/snakemake_workflows/GitHub/PGCOE_Bacseq/pipelines/variant_calling/contigs/19341_2#116.contigs_velvet.fa
19341_2#118	/Users/flg9/Desktop/Developer/grubaugh_lab/snakemake_workflows/GitHub/PGCOE_Bacseq/pipelines/variant_calling/contigs/19341_2#118.contigs_velvet.fa
19341_2#120	/Users/flg9/Desktop/Developer/grubaugh_lab/snakemake_workflows/GitHub/PGCOE_Bacseq/pipelines/variant_calling/contigs/19341_2#120.contigs_velvet.fa
19341_2#121	/Users/flg9/Desktop/Developer/grubaugh_lab/snakemake_workflows/GitHub/PGCOE_Bacseq/pipelines/variant_calling/contigs/19341_2#121.contigs_velvet.fa
19341_2#125	/Users/flg9/Desktop/Developer/grubaugh_lab/snakemake_workflows/GitHub/PGCOE_Bacseq/pipelines/variant_calling/contigs/19341_2#125.contigs_velvet.fa
19341_2#128	/Users/flg9/Desktop/Developer/grubaugh_lab/snakemake_workflows/GitHub/PGCOE_Bacseq/pipelines/variant_calling/contigs/19341_2#128.contigs_velvet.fa
19341_2#136	/Users/flg9/Desktop/Developer/grubaugh_lab/snakemake_workflows/GitHub/PGCOE_Bacseq/pipelines/variant_calling/contigs/19341_2#136.contigs_velvet.fa
19341_2#138	/Users/flg9/Desktop/Developer/grubaugh_lab/snakemake_workflows/GitHub/PGCOE_Bacseq/pipelines/variant_calling/contigs/19341_2#138.contigs_velvet.fa
19341_2#142	/Users/flg9/Desktop/Developer/grubaugh_lab/snakemake_workflows/GitHub/PGCOE_Bacseq/pipelines/variant_calling/contigs/19341_2#142.contigs_velvet.fa
19341_2#147	/Users/flg9/Desktop/Developer/grubaugh_lab/snakemake_workflows/GitHub/PGCOE_Bacseq/pipelines/variant_calling/contigs/19341_2#147.contigs_velvet.fa
19341_2#149	/Users/flg9/Desktop/Developer/grubaugh_lab/snakemake_workflows/GitHub/PGCOE_Bacseq/pipelines/variant_calling/contigs/19341_2#149.contigs_velvet.fa
19341_2#150	/Users/flg9/Desktop/Developer/grubaugh_lab/snakemake_workflows/GitHub/PGCOE_Bacseq/pipelines/variant_calling/contigs/19341_2#150.contigs_velvet.fa
19341_2#155	/Users/flg9/Desktop/Developer/grubaugh_lab/snakemake_workflows/GitHub/PGCOE_Bacseq/pipelines/variant_calling/contigs/19341_2#155.contigs_velvet.fa
19341_2#157	/Users/flg9/Desktop/Developer/grubaugh_lab/snakemake_workflows/GitHub/PGCOE_Bacseq/pipelines/variant_calling/contigs/19341_2#157.contigs_velvet.fa
19341_2#159	/Users/flg9/Desktop/Developer/grubaugh_lab/snakemake_workflows/GitHub/PGCOE_Bacseq/pipelines/variant_calling/contigs/19341_2#159.contigs_velvet.fa
19341_2#160	/Users/flg9/Desktop/Developer/grubaugh_lab/snakemake_workflows/GitHub/PGCOE_Bacseq/pipelines/variant_calling/contigs/19341_2#160.contigs_velvet.fa
19341_2#169	/Users/flg9/Desktop/Developer/grubaugh_lab/snakemake_workflows/GitHub/PGCOE_Bacseq/pipelines/variant_calling/contigs/19341_2#169.contigs_velvet.fa
19341_3#12	/Users/flg9/Desktop/Developer/grubaugh_lab/snakemake_workflows/GitHub/PGCOE_Bacseq/pipelines/variant_calling/contigs/19341_3#12.contigs_velvet.fa
19341_3#142	/Users/flg9/Desktop/Developer/grubaugh_lab/snakemake_workflows/GitHub/PGCOE_Bacseq/pipelines/variant_calling/contigs/19341_3#142.contigs_velvet.fa
19341_3#173	/Users/flg9/Desktop/Developer/grubaugh_lab/snakemake_workflows/GitHub/PGCOE_Bacseq/pipelines/variant_calling/contigs/19341_3#173.contigs_velvet.fa
19341_3#25	/Users/flg9/Desktop/Developer/grubaugh_lab/snakemake_workflows/GitHub/PGCOE_Bacseq/pipelines/variant_calling/contigs/19341_3#25.contigs_velvet.fa
19341_3#67	/Users/flg9/Desktop/Developer/grubaugh_lab/snakemake_workflows/GitHub/PGCOE_Bacseq/pipelines/variant_calling/contigs/19341_3#67.contigs_velvet.fa
19341_3#68	/Users/flg9/Desktop/Developer/grubaugh_lab/snakemake_workflows/GitHub/PGCOE_Bacseq/pipelines/variant_calling/contigs/19341_3#68.contigs_velvet.fa
19341_3#69	/Users/flg9/Desktop/Developer/grubaugh_lab/snakemake_workflows/GitHub/PGCOE_Bacseq/pipelines/variant_calling/contigs/19341_3#69.contigs_velvet.fa
19341_3#70	/Users/flg9/Desktop/Developer/grubaugh_lab/snakemake_workflows/GitHub/PGCOE_Bacseq/pipelines/variant_calling/contigs/19341_3#70.contigs_velvet.fa
19341_3#71	/Users/flg9/Desktop/Developer/grubaugh_lab/snakemake_workflows/GitHub/PGCOE_Bacseq/pipelines/variant_calling/contigs/19341_3#71.contigs_velvet.fa
19341_3#72	/Users/flg9/Desktop/Developer/grubaugh_lab/snakemake_workflows/GitHub/PGCOE_Bacseq/pipelines/variant_calling/contigs/19341_3#72.contigs_velvet.fa
19646_1#105	/Users/flg9/Desktop/Developer/grubaugh_lab/snakemake_workflows/GitHub/PGCOE_Bacseq/pipelines/variant_calling/contigs/19646_1#105.contigs_velvet.fa
19646_1#39	/Users/flg9/Desktop/Developer/grubaugh_lab/snakemake_workflows/GitHub/PGCOE_Bacseq/pipelines/variant_calling/contigs/19646_1#39.contigs_velvet.fa
19646_1#51	/Users/flg9/Desktop/Developer/grubaugh_lab/snakemake_workflows/GitHub/PGCOE_Bacseq/pipelines/variant_calling/contigs/19646_1#51.contigs_velvet.fa
19646_1#53	/Users/flg9/Desktop/Developer/grubaugh_lab/snakemake_workflows/GitHub/PGCOE_Bacseq/pipelines/variant_calling/contigs/19646_1#53.contigs_velvet.fa
19646_1#94	/Users/flg9/Desktop/Developer/grubaugh_lab/snakemake_workflows/GitHub/PGCOE_Bacseq/pipelines/variant_calling/contigs/19646_1#94.contigs_velvet.fa
19646_1#95	/Users/flg9/Desktop/Developer/grubaugh_lab/snakemake_workflows/GitHub/PGCOE_Bacseq/pipelines/variant_calling/contigs/19646_1#95.contigs_velvet.fa
20925_3#105	/Users/flg9/Desktop/Developer/grubaugh_lab/snakemake_workflows/GitHub/PGCOE_Bacseq/pipelines/variant_calling/contigs/20925_3#105.contigs_velvet.fa
20925_3#4	/Users/flg9/Desktop/Developer/grubaugh_lab/snakemake_workflows/GitHub/PGCOE_Bacseq/pipelines/variant_calling/contigs/20925_3#4.contigs_velvet.fa
20925_3#8	/Users/flg9/Desktop/Developer/grubaugh_lab/snakemake_workflows/GitHub/PGCOE_Bacseq/pipelines/variant_calling/contigs/20925_3#8.contigs_velvet.fa
21053_8#107	/Users/flg9/Desktop/Developer/grubaugh_lab/snakemake_workflows/GitHub/PGCOE_Bacseq/pipelines/variant_calling/contigs/21053_8#107.contigs_velvet.fa
21053_8#108	/Users/flg9/Desktop/Developer/grubaugh_lab/snakemake_workflows/GitHub/PGCOE_Bacseq/pipelines/variant_calling/contigs/21053_8#108.contigs_velvet.fa
21053_8#112	/Users/flg9/Desktop/Developer/grubaugh_lab/snakemake_workflows/GitHub/PGCOE_Bacseq/pipelines/variant_calling/contigs/21053_8#112.contigs_velvet.fa
21053_8#181	/Users/flg9/Desktop/Developer/grubaugh_lab/snakemake_workflows/GitHub/PGCOE_Bacseq/pipelines/variant_calling/contigs/21053_8#181.contigs_velvet.fa
21053_8#42	/Users/flg9/Desktop/Developer/grubaugh_lab/snakemake_workflows/GitHub/PGCOE_Bacseq/pipelines/variant_calling/contigs/21053_8#42.contigs_velvet.fa
21053_8#9	/Users/flg9/Desktop/Developer/grubaugh_lab/snakemake_workflows/GitHub/PGCOE_Bacseq/pipelines/variant_calling/contigs/21053_8#9.contigs_velvet.fa
21053_8#91	/Users/flg9/Desktop/Developer/grubaugh_lab/snakemake_workflows/GitHub/PGCOE_Bacseq/pipelines/variant_calling/contigs/21053_8#91.contigs_velvet.fa
21053_8#92	/Users/flg9/Desktop/Developer/grubaugh_lab/snakemake_workflows/GitHub/PGCOE_Bacseq/pipelines/variant_calling/contigs/21053_8#92.contigs_velvet.fa
21127_1#106	/Users/flg9/Desktop/Developer/grubaugh_lab/snakemake_workflows/GitHub/PGCOE_Bacseq/pipelines/variant_calling/contigs/21127_1#106.contigs_velvet.fa
21127_1#11	/Users/flg9/Desktop/Developer/grubaugh_lab/snakemake_workflows/GitHub/PGCOE_Bacseq/pipelines/variant_calling/contigs/21127_1#11.contigs_velvet.fa
21127_1#163	/Users/flg9/Desktop/Developer/grubaugh_lab/snakemake_workflows/GitHub/PGCOE_Bacseq/pipelines/variant_calling/contigs/21127_1#163.contigs_velvet.fa
21127_1#173	/Users/flg9/Desktop/Developer/grubaugh_lab/snakemake_workflows/GitHub/PGCOE_Bacseq/pipelines/variant_calling/contigs/21127_1#173.contigs_velvet.fa
21127_1#184	/Users/flg9/Desktop/Developer/grubaugh_lab/snakemake_workflows/GitHub/PGCOE_Bacseq/pipelines/variant_calling/contigs/21127_1#184.contigs_velvet.fa
21127_1#22	/Users/flg9/Desktop/Developer/grubaugh_lab/snakemake_workflows/GitHub/PGCOE_Bacseq/pipelines/variant_calling/contigs/21127_1#22.contigs_velvet.fa
21127_1#34	/Users/flg9/Desktop/Developer/grubaugh_lab/snakemake_workflows/GitHub/PGCOE_Bacseq/pipelines/variant_calling/contigs/21127_1#34.contigs_velvet.fa
21127_1#56	/Users/flg9/Desktop/Developer/grubaugh_lab/snakemake_workflows/GitHub/PGCOE_Bacseq/pipelines/variant_calling/contigs/21127_1#56.contigs_velvet.fa
21127_1#69	/Users/flg9/Desktop/Developer/grubaugh_lab/snakemake_workflows/GitHub/PGCOE_Bacseq/pipelines/variant_calling/contigs/21127_1#69.contigs_velvet.fa
21127_1#92	/Users/flg9/Desktop/Developer/grubaugh_lab/snakemake_workflows/GitHub/PGCOE_Bacseq/pipelines/variant_calling/contigs/21127_1#92.contigs_velvet.fa
21127_1#93	/Users/flg9/Desktop/Developer/grubaugh_lab/snakemake_workflows/GitHub/PGCOE_Bacseq/pipelines/variant_calling/contigs/21127_1#93.contigs_velvet.fa
21127_2#111	/Users/flg9/Desktop/Developer/grubaugh_lab/snakemake_workflows/GitHub/PGCOE_Bacseq/pipelines/variant_calling/contigs/21127_2#111.contigs_velvet.fa
21127_2#132	/Users/flg9/Desktop/Developer/grubaugh_lab/snakemake_workflows/GitHub/PGCOE_Bacseq/pipelines/variant_calling/contigs/21127_2#132.contigs_velvet.fa
21127_2#133	/Users/flg9/Desktop/Developer/grubaugh_lab/snakemake_workflows/GitHub/PGCOE_Bacseq/pipelines/variant_calling/contigs/21127_2#133.contigs_velvet.fa
21127_2#154	/Users/flg9/Desktop/Developer/grubaugh_lab/snakemake_workflows/GitHub/PGCOE_Bacseq/pipelines/variant_calling/contigs/21127_2#154.contigs_velvet.fa
21127_2#160	/Users/flg9/Desktop/Developer/grubaugh_lab/snakemake_workflows/GitHub/PGCOE_Bacseq/pipelines/variant_calling/contigs/21127_2#160.contigs_velvet.fa
21127_2#22	/Users/flg9/Desktop/Developer/grubaugh_lab/snakemake_workflows/GitHub/PGCOE_Bacseq/pipelines/variant_calling/contigs/21127_2#22.contigs_velvet.fa
21127_2#25	/Users/flg9/Desktop/Developer/grubaugh_lab/snakemake_workflows/GitHub/PGCOE_Bacseq/pipelines/variant_calling/contigs/21127_2#25.contigs_velvet.fa
21127_2#43	/Users/flg9/Desktop/Developer/grubaugh_lab/snakemake_workflows/GitHub/PGCOE_Bacseq/pipelines/variant_calling/contigs/21127_2#43.contigs_velvet.fa
21127_2#65	/Users/flg9/Desktop/Developer/grubaugh_lab/snakemake_workflows/GitHub/PGCOE_Bacseq/pipelines/variant_calling/contigs/21127_2#65.contigs_velvet.fa
21127_2#7	/Users/flg9/Desktop/Developer/grubaugh_lab/snakemake_workflows/GitHub/PGCOE_Bacseq/pipelines/variant_calling/contigs/21127_2#7.contigs_velvet.fa
21127_2#77	/Users/flg9/Desktop/Developer/grubaugh_lab/snakemake_workflows/GitHub/PGCOE_Bacseq/pipelines/variant_calling/contigs/21127_2#77.contigs_velvet.fa
21127_2#81	/Users/flg9/Desktop/Developer/grubaugh_lab/snakemake_workflows/GitHub/PGCOE_Bacseq/pipelines/variant_calling/contigs/21127_2#81.contigs_velvet.fa
21127_2#87	/Users/flg9/Desktop/Developer/grubaugh_lab/snakemake_workflows/GitHub/PGCOE_Bacseq/pipelines/variant_calling/contigs/21127_2#87.contigs_velvet.fa
21242_2#133	/Users/flg9/Desktop/Developer/grubaugh_lab/snakemake_workflows/GitHub/PGCOE_Bacseq/pipelines/variant_calling/contigs/21242_2#133.contigs_velvet.fa
21242_2#147	/Users/flg9/Desktop/Developer/grubaugh_lab/snakemake_workflows/GitHub/PGCOE_Bacseq/pipelines/variant_calling/contigs/21242_2#147.contigs_velvet.fa
21242_6#1	/Users/flg9/Desktop/Developer/grubaugh_lab/snakemake_workflows/GitHub/PGCOE_Bacseq/pipelines/variant_calling/contigs/21242_6#1.contigs_velvet.fa
21485_4#4	/Users/flg9/Desktop/Developer/grubaugh_lab/snakemake_workflows/GitHub/PGCOE_Bacseq/pipelines/variant_calling/contigs/21485_4#4.contigs_velvet.fa
21999_7#115	/Users/flg9/Desktop/Developer/grubaugh_lab/snakemake_workflows/GitHub/PGCOE_Bacseq/pipelines/variant_calling/contigs/21999_7#115.contigs_velvet.fa
21999_7#138	/Users/flg9/Desktop/Developer/grubaugh_lab/snakemake_workflows/GitHub/PGCOE_Bacseq/pipelines/variant_calling/contigs/21999_7#138.contigs_velvet.fa
21999_7#143	/Users/flg9/Desktop/Developer/grubaugh_lab/snakemake_workflows/GitHub/PGCOE_Bacseq/pipelines/variant_calling/contigs/21999_7#143.contigs_velvet.fa
21999_7#159	/Users/flg9/Desktop/Developer/grubaugh_lab/snakemake_workflows/GitHub/PGCOE_Bacseq/pipelines/variant_calling/contigs/21999_7#159.contigs_velvet.fa
21999_7#164	/Users/flg9/Desktop/Developer/grubaugh_lab/snakemake_workflows/GitHub/PGCOE_Bacseq/pipelines/variant_calling/contigs/21999_7#164.contigs_velvet.fa
21999_7#177	/Users/flg9/Desktop/Developer/grubaugh_lab/snakemake_workflows/GitHub/PGCOE_Bacseq/pipelines/variant_calling/contigs/21999_7#177.contigs_velvet.fa
21999_7#99	/Users/flg9/Desktop/Developer/grubaugh_lab/snakemake_workflows/GitHub/PGCOE_Bacseq/pipelines/variant_calling/contigs/21999_7#99.contigs_velvet.fa
21999_8#116	/Users/flg9/Desktop/Developer/grubaugh_lab/snakemake_workflows/GitHub/PGCOE_Bacseq/pipelines/variant_calling/contigs/21999_8#116.contigs_velvet.fa
21999_8#119	/Users/flg9/Desktop/Developer/grubaugh_lab/snakemake_workflows/GitHub/PGCOE_Bacseq/pipelines/variant_calling/contigs/21999_8#119.contigs_velvet.fa
21999_8#18	/Users/flg9/Desktop/Developer/grubaugh_lab/snakemake_workflows/GitHub/PGCOE_Bacseq/pipelines/variant_calling/contigs/21999_8#18.contigs_velvet.fa
21999_8#27	/Users/flg9/Desktop/Developer/grubaugh_lab/snakemake_workflows/GitHub/PGCOE_Bacseq/pipelines/variant_calling/contigs/21999_8#27.contigs_velvet.fa
21999_8#28	/Users/flg9/Desktop/Developer/grubaugh_lab/snakemake_workflows/GitHub/PGCOE_Bacseq/pipelines/variant_calling/contigs/21999_8#28.contigs_velvet.fa
21999_8#36	/Users/flg9/Desktop/Developer/grubaugh_lab/snakemake_workflows/GitHub/PGCOE_Bacseq/pipelines/variant_calling/contigs/21999_8#36.contigs_velvet.fa
21999_8#41	/Users/flg9/Desktop/Developer/grubaugh_lab/snakemake_workflows/GitHub/PGCOE_Bacseq/pipelines/variant_calling/contigs/21999_8#41.contigs_velvet.fa
21999_8#47	/Users/flg9/Desktop/Developer/grubaugh_lab/snakemake_workflows/GitHub/PGCOE_Bacseq/pipelines/variant_calling/contigs/21999_8#47.contigs_velvet.fa
21999_8#66	/Users/flg9/Desktop/Developer/grubaugh_lab/snakemake_workflows/GitHub/PGCOE_Bacseq/pipelines/variant_calling/contigs/21999_8#66.contigs_velvet.fa
21999_8#7	/Users/flg9/Desktop/Developer/grubaugh_lab/snakemake_workflows/GitHub/PGCOE_Bacseq/pipelines/variant_calling/contigs/21999_8#7.contigs_velvet.fa
21999_8#74	/Users/flg9/Desktop/Developer/grubaugh_lab/snakemake_workflows/GitHub/PGCOE_Bacseq/pipelines/variant_calling/contigs/21999_8#74.contigs_velvet.fa
21999_8#85	/Users/flg9/Desktop/Developer/grubaugh_lab/snakemake_workflows/GitHub/PGCOE_Bacseq/pipelines/variant_calling/contigs/21999_8#85.contigs_velvet.fa
22027_1#74	/Users/flg9/Desktop/Developer/grubaugh_lab/snakemake_workflows/GitHub/PGCOE_Bacseq/pipelines/variant_calling/contigs/22027_1#74.contigs_velvet.fa
22335_7#144	/Users/flg9/Desktop/Developer/grubaugh_lab/snakemake_workflows/GitHub/PGCOE_Bacseq/pipelines/variant_calling/contigs/22335_7#144.contigs_velvet.fa
22335_7#23	/Users/flg9/Desktop/Developer/grubaugh_lab/snakemake_workflows/GitHub/PGCOE_Bacseq/pipelines/variant_calling/contigs/22335_7#23.contigs_velvet.fa
22335_7#66	/Users/flg9/Desktop/Developer/grubaugh_lab/snakemake_workflows/GitHub/PGCOE_Bacseq/pipelines/variant_calling/contigs/22335_7#66.contigs_velvet.fa
22335_7#73	/Users/flg9/Desktop/Developer/grubaugh_lab/snakemake_workflows/GitHub/PGCOE_Bacseq/pipelines/variant_calling/contigs/22335_7#73.contigs_velvet.fa
22335_7#93	/Users/flg9/Desktop/Developer/grubaugh_lab/snakemake_workflows/GitHub/PGCOE_Bacseq/pipelines/variant_calling/contigs/22335_7#93.contigs_velvet.fa
22335_7#99	/Users/flg9/Desktop/Developer/grubaugh_lab/snakemake_workflows/GitHub/PGCOE_Bacseq/pipelines/variant_calling/contigs/22335_7#99.contigs_velvet.fa
22335_8#104	/Users/flg9/Desktop/Developer/grubaugh_lab/snakemake_workflows/GitHub/PGCOE_Bacseq/pipelines/variant_calling/contigs/22335_8#104.contigs_velvet.fa
22335_8#14	/Users/flg9/Desktop/Developer/grubaugh_lab/snakemake_workflows/GitHub/PGCOE_Bacseq/pipelines/variant_calling/contigs/22335_8#14.contigs_velvet.fa
22335_8#30	/Users/flg9/Desktop/Developer/grubaugh_lab/snakemake_workflows/GitHub/PGCOE_Bacseq/pipelines/variant_calling/contigs/22335_8#30.contigs_velvet.fa
22335_8#92	/Users/flg9/Desktop/Developer/grubaugh_lab/snakemake_workflows/GitHub/PGCOE_Bacseq/pipelines/variant_calling/contigs/22335_8#92.contigs_velvet.fa
22667_7#126	/Users/flg9/Desktop/Developer/grubaugh_lab/snakemake_workflows/GitHub/PGCOE_Bacseq/pipelines/variant_calling/contigs/22667_7#126.contigs_velvet.fa
22841_1#131	/Users/flg9/Desktop/Developer/grubaugh_lab/snakemake_workflows/GitHub/PGCOE_Bacseq/pipelines/variant_calling/contigs/22841_1#131.contigs_velvet.fa
22841_1#146	/Users/flg9/Desktop/Developer/grubaugh_lab/snakemake_workflows/GitHub/PGCOE_Bacseq/pipelines/variant_calling/contigs/22841_1#146.contigs_velvet.fa
22841_1#190	/Users/flg9/Desktop/Developer/grubaugh_lab/snakemake_workflows/GitHub/PGCOE_Bacseq/pipelines/variant_calling/contigs/22841_1#190.contigs_velvet.fa
22841_1#25	/Users/flg9/Desktop/Developer/grubaugh_lab/snakemake_workflows/GitHub/PGCOE_Bacseq/pipelines/variant_calling/contigs/22841_1#25.contigs_velvet.fa
22841_1#31	/Users/flg9/Desktop/Developer/grubaugh_lab/snakemake_workflows/GitHub/PGCOE_Bacseq/pipelines/variant_calling/contigs/22841_1#31.contigs_velvet.fa
22841_1#5	/Users/flg9/Desktop/Developer/grubaugh_lab/snakemake_workflows/GitHub/PGCOE_Bacseq/pipelines/variant_calling/contigs/22841_1#5.contigs_velvet.fa
22841_1#55	/Users/flg9/Desktop/Developer/grubaugh_lab/snakemake_workflows/GitHub/PGCOE_Bacseq/pipelines/variant_calling/contigs/22841_1#55.contigs_velvet.fa
22841_1#6	/Users/flg9/Desktop/Developer/grubaugh_lab/snakemake_workflows/GitHub/PGCOE_Bacseq/pipelines/variant_calling/contigs/22841_1#6.contigs_velvet.fa
22841_2#10	/Users/flg9/Desktop/Developer/grubaugh_lab/snakemake_workflows/GitHub/PGCOE_Bacseq/pipelines/variant_calling/contigs/22841_2#10.contigs_velvet.fa
22841_2#112	/Users/flg9/Desktop/Developer/grubaugh_lab/snakemake_workflows/GitHub/PGCOE_Bacseq/pipelines/variant_calling/contigs/22841_2#112.contigs_velvet.fa
22841_2#132	/Users/flg9/Desktop/Developer/grubaugh_lab/snakemake_workflows/GitHub/PGCOE_Bacseq/pipelines/variant_calling/contigs/22841_2#132.contigs_velvet.fa
22841_2#155	/Users/flg9/Desktop/Developer/grubaugh_lab/snakemake_workflows/GitHub/PGCOE_Bacseq/pipelines/variant_calling/contigs/22841_2#155.contigs_velvet.fa
22841_2#158	/Users/flg9/Desktop/Developer/grubaugh_lab/snakemake_workflows/GitHub/PGCOE_Bacseq/pipelines/variant_calling/contigs/22841_2#158.contigs_velvet.fa
22841_2#173	/Users/flg9/Desktop/Developer/grubaugh_lab/snakemake_workflows/GitHub/PGCOE_Bacseq/pipelines/variant_calling/contigs/22841_2#173.contigs_velvet.fa
22841_2#69	/Users/flg9/Desktop/Developer/grubaugh_lab/snakemake_workflows/GitHub/PGCOE_Bacseq/pipelines/variant_calling/contigs/22841_2#69.contigs_velvet.fa
22841_2#81	/Users/flg9/Desktop/Developer/grubaugh_lab/snakemake_workflows/GitHub/PGCOE_Bacseq/pipelines/variant_calling/contigs/22841_2#81.contigs_velvet.fa
22841_3#101	/Users/flg9/Desktop/Developer/grubaugh_lab/snakemake_workflows/GitHub/PGCOE_Bacseq/pipelines/variant_calling/contigs/22841_3#101.contigs_velvet.fa
22841_3#103	/Users/flg9/Desktop/Developer/grubaugh_lab/snakemake_workflows/GitHub/PGCOE_Bacseq/pipelines/variant_calling/contigs/22841_3#103.contigs_velvet.fa
22841_3#151	/Users/flg9/Desktop/Developer/grubaugh_lab/snakemake_workflows/GitHub/PGCOE_Bacseq/pipelines/variant_calling/contigs/22841_3#151.contigs_velvet.fa
22841_3#62	/Users/flg9/Desktop/Developer/grubaugh_lab/snakemake_workflows/GitHub/PGCOE_Bacseq/pipelines/variant_calling/contigs/22841_3#62.contigs_velvet.fa
22841_4#104	/Users/flg9/Desktop/Developer/grubaugh_lab/snakemake_workflows/GitHub/PGCOE_Bacseq/pipelines/variant_calling/contigs/22841_4#104.contigs_velvet.fa
22841_4#12	/Users/flg9/Desktop/Developer/grubaugh_lab/snakemake_workflows/GitHub/PGCOE_Bacseq/pipelines/variant_calling/contigs/22841_4#12.contigs_velvet.fa
22841_4#126	/Users/flg9/Desktop/Developer/grubaugh_lab/snakemake_workflows/GitHub/PGCOE_Bacseq/pipelines/variant_calling/contigs/22841_4#126.contigs_velvet.fa
22841_4#136	/Users/flg9/Desktop/Developer/grubaugh_lab/snakemake_workflows/GitHub/PGCOE_Bacseq/pipelines/variant_calling/contigs/22841_4#136.contigs_velvet.fa
22841_4#141	/Users/flg9/Desktop/Developer/grubaugh_lab/snakemake_workflows/GitHub/PGCOE_Bacseq/pipelines/variant_calling/contigs/22841_4#141.contigs_velvet.fa
22841_4#166	/Users/flg9/Desktop/Developer/grubaugh_lab/snakemake_workflows/GitHub/PGCOE_Bacseq/pipelines/variant_calling/contigs/22841_4#166.contigs_velvet.fa
23164_8#120	/Users/flg9/Desktop/Developer/grubaugh_lab/snakemake_workflows/GitHub/PGCOE_Bacseq/pipelines/variant_calling/contigs/23164_8#120.contigs_velvet.fa
23164_8#166	/Users/flg9/Desktop/Developer/grubaugh_lab/snakemake_workflows/GitHub/PGCOE_Bacseq/pipelines/variant_calling/contigs/23164_8#166.contigs_velvet.fa
23204_4#107	/Users/flg9/Desktop/Developer/grubaugh_lab/snakemake_workflows/GitHub/PGCOE_Bacseq/pipelines/variant_calling/contigs/23204_4#107.contigs_velvet.fa
23204_4#165	/Users/flg9/Desktop/Developer/grubaugh_lab/snakemake_workflows/GitHub/PGCOE_Bacseq/pipelines/variant_calling/contigs/23204_4#165.contigs_velvet.fa
23430_2#107	/Users/flg9/Desktop/Developer/grubaugh_lab/snakemake_workflows/GitHub/PGCOE_Bacseq/pipelines/variant_calling/contigs/23430_2#107.contigs_velvet.fa
23430_2#186	/Users/flg9/Desktop/Developer/grubaugh_lab/snakemake_workflows/GitHub/PGCOE_Bacseq/pipelines/variant_calling/contigs/23430_2#186.contigs_velvet.fa
24775_1#104	/Users/flg9/Desktop/Developer/grubaugh_lab/snakemake_workflows/GitHub/PGCOE_Bacseq/pipelines/variant_calling/contigs/24775_1#104.contigs_velvet.fa
24775_1#106	/Users/flg9/Desktop/Developer/grubaugh_lab/snakemake_workflows/GitHub/PGCOE_Bacseq/pipelines/variant_calling/contigs/24775_1#106.contigs_velvet.fa
24775_1#107	/Users/flg9/Desktop/Developer/grubaugh_lab/snakemake_workflows/GitHub/PGCOE_Bacseq/pipelines/variant_calling/contigs/24775_1#107.contigs_velvet.fa
24775_1#111	/Users/flg9/Desktop/Developer/grubaugh_lab/snakemake_workflows/GitHub/PGCOE_Bacseq/pipelines/variant_calling/contigs/24775_1#111.contigs_velvet.fa
24775_1#114	/Users/flg9/Desktop/Developer/grubaugh_lab/snakemake_workflows/GitHub/PGCOE_Bacseq/pipelines/variant_calling/contigs/24775_1#114.contigs_velvet.fa
24775_1#115	/Users/flg9/Desktop/Developer/grubaugh_lab/snakemake_workflows/GitHub/PGCOE_Bacseq/pipelines/variant_calling/contigs/24775_1#115.contigs_velvet.fa
24775_1#116	/Users/flg9/Desktop/Developer/grubaugh_lab/snakemake_workflows/GitHub/PGCOE_Bacseq/pipelines/variant_calling/contigs/24775_1#116.contigs_velvet.fa
24775_1#120	/Users/flg9/Desktop/Developer/grubaugh_lab/snakemake_workflows/GitHub/PGCOE_Bacseq/pipelines/variant_calling/contigs/24775_1#120.contigs_velvet.fa
24775_1#121	/Users/flg9/Desktop/Developer/grubaugh_lab/snakemake_workflows/GitHub/PGCOE_Bacseq/pipelines/variant_calling/contigs/24775_1#121.contigs_velvet.fa
24775_1#131	/Users/flg9/Desktop/Developer/grubaugh_lab/snakemake_workflows/GitHub/PGCOE_Bacseq/pipelines/variant_calling/contigs/24775_1#131.contigs_velvet.fa
24775_1#138	/Users/flg9/Desktop/Developer/grubaugh_lab/snakemake_workflows/GitHub/PGCOE_Bacseq/pipelines/variant_calling/contigs/24775_1#138.contigs_velvet.fa
24775_1#145	/Users/flg9/Desktop/Developer/grubaugh_lab/snakemake_workflows/GitHub/PGCOE_Bacseq/pipelines/variant_calling/contigs/24775_1#145.contigs_velvet.fa
24775_1#148	/Users/flg9/Desktop/Developer/grubaugh_lab/snakemake_workflows/GitHub/PGCOE_Bacseq/pipelines/variant_calling/contigs/24775_1#148.contigs_velvet.fa
24775_1#159	/Users/flg9/Desktop/Developer/grubaugh_lab/snakemake_workflows/GitHub/PGCOE_Bacseq/pipelines/variant_calling/contigs/24775_1#159.contigs_velvet.fa
24775_1#166	/Users/flg9/Desktop/Developer/grubaugh_lab/snakemake_workflows/GitHub/PGCOE_Bacseq/pipelines/variant_calling/contigs/24775_1#166.contigs_velvet.fa
24775_1#266	/Users/flg9/Desktop/Developer/grubaugh_lab/snakemake_workflows/GitHub/PGCOE_Bacseq/pipelines/variant_calling/contigs/24775_1#266.contigs_velvet.fa
24775_1#47	/Users/flg9/Desktop/Developer/grubaugh_lab/snakemake_workflows/GitHub/PGCOE_Bacseq/pipelines/variant_calling/contigs/24775_1#47.contigs_velvet.fa
24775_1#48	/Users/flg9/Desktop/Developer/grubaugh_lab/snakemake_workflows/GitHub/PGCOE_Bacseq/pipelines/variant_calling/contigs/24775_1#48.contigs_velvet.fa
24775_1#49	/Users/flg9/Desktop/Developer/grubaugh_lab/snakemake_workflows/GitHub/PGCOE_Bacseq/pipelines/variant_calling/contigs/24775_1#49.contigs_velvet.fa
24775_1#50	/Users/flg9/Desktop/Developer/grubaugh_lab/snakemake_workflows/GitHub/PGCOE_Bacseq/pipelines/variant_calling/contigs/24775_1#50.contigs_velvet.fa
24775_1#51	/Users/flg9/Desktop/Developer/grubaugh_lab/snakemake_workflows/GitHub/PGCOE_Bacseq/pipelines/variant_calling/contigs/24775_1#51.contigs_velvet.fa
24775_1#53	/Users/flg9/Desktop/Developer/grubaugh_lab/snakemake_workflows/GitHub/PGCOE_Bacseq/pipelines/variant_calling/contigs/24775_1#53.contigs_velvet.fa
24775_1#54	/Users/flg9/Desktop/Developer/grubaugh_lab/snakemake_workflows/GitHub/PGCOE_Bacseq/pipelines/variant_calling/contigs/24775_1#54.contigs_velvet.fa
24775_1#69	/Users/flg9/Desktop/Developer/grubaugh_lab/snakemake_workflows/GitHub/PGCOE_Bacseq/pipelines/variant_calling/contigs/24775_1#69.contigs_velvet.fa
24775_1#77	/Users/flg9/Desktop/Developer/grubaugh_lab/snakemake_workflows/GitHub/PGCOE_Bacseq/pipelines/variant_calling/contigs/24775_1#77.contigs_velvet.fa
24775_1#78	/Users/flg9/Desktop/Developer/grubaugh_lab/snakemake_workflows/GitHub/PGCOE_Bacseq/pipelines/variant_calling/contigs/24775_1#78.contigs_velvet.fa
24775_1#87	/Users/flg9/Desktop/Developer/grubaugh_lab/snakemake_workflows/GitHub/PGCOE_Bacseq/pipelines/variant_calling/contigs/24775_1#87.contigs_velvet.fa
24775_1#88	/Users/flg9/Desktop/Developer/grubaugh_lab/snakemake_workflows/GitHub/PGCOE_Bacseq/pipelines/variant_calling/contigs/24775_1#88.contigs_velvet.fa
24775_1#91	/Users/flg9/Desktop/Developer/grubaugh_lab/snakemake_workflows/GitHub/PGCOE_Bacseq/pipelines/variant_calling/contigs/24775_1#91.contigs_velvet.fa
24775_1#94	/Users/flg9/Desktop/Developer/grubaugh_lab/snakemake_workflows/GitHub/PGCOE_Bacseq/pipelines/variant_calling/contigs/24775_1#94.contigs_velvet.fa
24775_1#96	/Users/flg9/Desktop/Developer/grubaugh_lab/snakemake_workflows/GitHub/PGCOE_Bacseq/pipelines/variant_calling/contigs/24775_1#96.contigs_velvet.fa
24775_1#97	/Users/flg9/Desktop/Developer/grubaugh_lab/snakemake_workflows/GitHub/PGCOE_Bacseq/pipelines/variant_calling/contigs/24775_1#97.contigs_velvet.fa
24775_1#98	/Users/flg9/Desktop/Developer/grubaugh_lab/snakemake_workflows/GitHub/PGCOE_Bacseq/pipelines/variant_calling/contigs/24775_1#98.contigs_velvet.fa
24775_1#99	/Users/flg9/Desktop/Developer/grubaugh_lab/snakemake_workflows/GitHub/PGCOE_Bacseq/pipelines/variant_calling/contigs/24775_1#99.contigs_velvet.fa
24820_2#118	/Users/flg9/Desktop/Developer/grubaugh_lab/snakemake_workflows/GitHub/PGCOE_Bacseq/pipelines/variant_calling/contigs/24820_2#118.contigs_velvet.fa
24820_2#125	/Users/flg9/Desktop/Developer/grubaugh_lab/snakemake_workflows/GitHub/PGCOE_Bacseq/pipelines/variant_calling/contigs/24820_2#125.contigs_velvet.fa
24820_2#315	/Users/flg9/Desktop/Developer/grubaugh_lab/snakemake_workflows/GitHub/PGCOE_Bacseq/pipelines/variant_calling/contigs/24820_2#315.contigs_velvet.fa
24820_2#48	/Users/flg9/Desktop/Developer/grubaugh_lab/snakemake_workflows/GitHub/PGCOE_Bacseq/pipelines/variant_calling/contigs/24820_2#48.contigs_velvet.fa
24820_2#82	/Users/flg9/Desktop/Developer/grubaugh_lab/snakemake_workflows/GitHub/PGCOE_Bacseq/pipelines/variant_calling/contigs/24820_2#82.contigs_velvet.fa
24861_1#115	/Users/flg9/Desktop/Developer/grubaugh_lab/snakemake_workflows/GitHub/PGCOE_Bacseq/pipelines/variant_calling/contigs/24861_1#115.contigs_velvet.fa
24861_1#164	/Users/flg9/Desktop/Developer/grubaugh_lab/snakemake_workflows/GitHub/PGCOE_Bacseq/pipelines/variant_calling/contigs/24861_1#164.contigs_velvet.fa
24861_1#189	/Users/flg9/Desktop/Developer/grubaugh_lab/snakemake_workflows/GitHub/PGCOE_Bacseq/pipelines/variant_calling/contigs/24861_1#189.contigs_velvet.fa
24861_1#20	/Users/flg9/Desktop/Developer/grubaugh_lab/snakemake_workflows/GitHub/PGCOE_Bacseq/pipelines/variant_calling/contigs/24861_1#20.contigs_velvet.fa
24861_1#204	/Users/flg9/Desktop/Developer/grubaugh_lab/snakemake_workflows/GitHub/PGCOE_Bacseq/pipelines/variant_calling/contigs/24861_1#204.contigs_velvet.fa
24861_1#214	/Users/flg9/Desktop/Developer/grubaugh_lab/snakemake_workflows/GitHub/PGCOE_Bacseq/pipelines/variant_calling/contigs/24861_1#214.contigs_velvet.fa
24861_1#219	/Users/flg9/Desktop/Developer/grubaugh_lab/snakemake_workflows/GitHub/PGCOE_Bacseq/pipelines/variant_calling/contigs/24861_1#219.contigs_velvet.fa
24861_1#220	/Users/flg9/Desktop/Developer/grubaugh_lab/snakemake_workflows/GitHub/PGCOE_Bacseq/pipelines/variant_calling/contigs/24861_1#220.contigs_velvet.fa
24861_1#223	/Users/flg9/Desktop/Developer/grubaugh_lab/snakemake_workflows/GitHub/PGCOE_Bacseq/pipelines/variant_calling/contigs/24861_1#223.contigs_velvet.fa
24861_1#231	/Users/flg9/Desktop/Developer/grubaugh_lab/snakemake_workflows/GitHub/PGCOE_Bacseq/pipelines/variant_calling/contigs/24861_1#231.contigs_velvet.fa
24861_1#77	/Users/flg9/Desktop/Developer/grubaugh_lab/snakemake_workflows/GitHub/PGCOE_Bacseq/pipelines/variant_calling/contigs/24861_1#77.contigs_velvet.fa
28522_3#250	/Users/flg9/Desktop/Developer/grubaugh_lab/snakemake_workflows/GitHub/PGCOE_Bacseq/pipelines/variant_calling/contigs/28522_3#250.contigs_velvet.fa
28832_1#118	/Users/flg9/Desktop/Developer/grubaugh_lab/snakemake_workflows/GitHub/PGCOE_Bacseq/pipelines/variant_calling/contigs/28832_1#118.contigs_velvet.fa
28832_1#146	/Users/flg9/Desktop/Developer/grubaugh_lab/snakemake_workflows/GitHub/PGCOE_Bacseq/pipelines/variant_calling/contigs/28832_1#146.contigs_velvet.fa
28832_1#189	/Users/flg9/Desktop/Developer/grubaugh_lab/snakemake_workflows/GitHub/PGCOE_Bacseq/pipelines/variant_calling/contigs/28832_1#189.contigs_velvet.fa
28832_1#197	/Users/flg9/Desktop/Developer/grubaugh_lab/snakemake_workflows/GitHub/PGCOE_Bacseq/pipelines/variant_calling/contigs/28832_1#197.contigs_velvet.fa
28832_1#207	/Users/flg9/Desktop/Developer/grubaugh_lab/snakemake_workflows/GitHub/PGCOE_Bacseq/pipelines/variant_calling/contigs/28832_1#207.contigs_velvet.fa
29102_1#115	/Users/flg9/Desktop/Developer/grubaugh_lab/snakemake_workflows/GitHub/PGCOE_Bacseq/pipelines/variant_calling/contigs/29102_1#115.contigs_velvet.fa
29102_1#166	/Users/flg9/Desktop/Developer/grubaugh_lab/snakemake_workflows/GitHub/PGCOE_Bacseq/pipelines/variant_calling/contigs/29102_1#166.contigs_velvet.fa
29102_1#191	/Users/flg9/Desktop/Developer/grubaugh_lab/snakemake_workflows/GitHub/PGCOE_Bacseq/pipelines/variant_calling/contigs/29102_1#191.contigs_velvet.fa
29102_1#21	/Users/flg9/Desktop/Developer/grubaugh_lab/snakemake_workflows/GitHub/PGCOE_Bacseq/pipelines/variant_calling/contigs/29102_1#21.contigs_velvet.fa
29102_1#324	/Users/flg9/Desktop/Developer/grubaugh_lab/snakemake_workflows/GitHub/PGCOE_Bacseq/pipelines/variant_calling/contigs/29102_1#324.contigs_velvet.fa
29102_1#51	/Users/flg9/Desktop/Developer/grubaugh_lab/snakemake_workflows/GitHub/PGCOE_Bacseq/pipelines/variant_calling/contigs/29102_1#51.contigs_velvet.fa
31919_2#205	/Users/flg9/Desktop/Developer/grubaugh_lab/snakemake_workflows/GitHub/PGCOE_Bacseq/pipelines/variant_calling/contigs/31919_2#205.contigs_velvet.fa
9716_7#19	/Users/flg9/Desktop/Developer/grubaugh_lab/snakemake_workflows/GitHub/PGCOE_Bacseq/pipelines/variant_calling/contigs/9716_7#19.contigs_velvet.fa
9716_7#39	/Users/flg9/Desktop/Developer/grubaugh_lab/snakemake_workflows/GitHub/PGCOE_Bacseq/pipelines/variant_calling/contigs/9716_7#39.contigs_velvet.fa
9789_3#57	/Users/flg9/Desktop/Developer/grubaugh_lab/snakemake_workflows/GitHub/PGCOE_Bacseq/pipelines/variant_calling/contigs/9789_3#57.contigs_velvet.fa
9789_3#76	/Users/flg9/Desktop/Developer/grubaugh_lab/snakemake_workflows/GitHub/PGCOE_Bacseq/pipelines/variant_calling/contigs/9789_3#76.contigs_velvet.fa
9789_5#49	/Users/flg9/Desktop/Developer/grubaugh_lab/snakemake_workflows/GitHub/PGCOE_Bacseq/pipelines/variant_calling/contigs/9789_5#49.contigs_velvet.fa
9950_1#18	/Users/flg9/Desktop/Developer/grubaugh_lab/snakemake_workflows/GitHub/PGCOE_Bacseq/pipelines/variant_calling/contigs/9950_1#18.contigs_velvet.fa
9950_1#29	/Users/flg9/Desktop/Developer/grubaugh_lab/snakemake_workflows/GitHub/PGCOE_Bacseq/pipelines/variant_calling/contigs/9950_1#29.contigs_velvet.fa
9950_1#34	/Users/flg9/Desktop/Developer/grubaugh_lab/snakemake_workflows/GitHub/PGCOE_Bacseq/pipelines/variant_calling/contigs/9950_1#34.contigs_velvet.fa
9950_1#84	/Users/flg9/Desktop/Developer/grubaugh_lab/snakemake_workflows/GitHub/PGCOE_Bacseq/pipelines/variant_calling/contigs/9950_1#84.contigs_velvet.fa
